feature	importance	layer	model	fold
KRT5	0.011617107785302505	mRNA	Random Forest	1
DSG3	0.010273317763321787	mRNA	Random Forest	1
TP63	0.008897791684444654	mRNA	Random Forest	1
CLCA2	0.008455222410526554	mRNA	Random Forest	1
DSC3	0.008400312717122852	mRNA	Random Forest	1
CALML3	0.007960519166544205	mRNA	Random Forest	1
PVRL1	0.0079172897333975	mRNA	Random Forest	1
CSTA	0.007463923412630243	mRNA	Random Forest	1
KRT31	0.007378238727859947	mRNA	Random Forest	1
IRF6	0.006592574394834984	mRNA	Random Forest	1
SPRR2A	0.005960719574644186	mRNA	Random Forest	1
FAT2	0.0059253073178155286	mRNA	Random Forest	1
RBM47	0.00574124993103837	mRNA	Random Forest	1
A2ML1	0.0055473707290632146	mRNA	Random Forest	1
SLC6A8	0.005483425110470038	mRNA	Random Forest	1
KRT14	0.005142124604995046	mRNA	Random Forest	1
JAG1	0.00513403889861218	mRNA	Random Forest	1
CELSR2	0.005117293962261309	mRNA	Random Forest	1
KRT6C	0.004996870563258609	mRNA	Random Forest	1
PKP1	0.004888666603830238	mRNA	Random Forest	1
TRIM29	0.004775439322755075	mRNA	Random Forest	1
SERPINB13	0.004692174550648133	mRNA	Random Forest	1
KRT6A	0.00469020135394681	mRNA	Random Forest	1
DDAH1	0.0046389371309422875	mRNA	Random Forest	1
TMC5	0.004483918027608607	mRNA	Random Forest	1
NKX2-1	0.004397165660194758	mRNA	Random Forest	1
KRT13	0.004365903761247591	mRNA	Random Forest	1
DAPL1	0.0042276280381926355	mRNA	Random Forest	1
PERP	0.0042043045417040825	mRNA	Random Forest	1
DVL3	0.00413874909201211	mRNA	Random Forest	1
KRT6B	0.003909608686240052	mRNA	Random Forest	1
BICD2	0.0036891708793460785	mRNA	Random Forest	1
KRT16	0.0036716462258010374	mRNA	Random Forest	1
ATP1B3	0.003329920755823102	mRNA	Random Forest	1
SPRR2E	0.0032722474198143853	mRNA	Random Forest	1
GOLM1	0.0029846076551939883	mRNA	Random Forest	1
SERPINB5	0.002892835086602039	mRNA	Random Forest	1
CGN	0.002892325655311594	mRNA	Random Forest	1
ALDH3B1	0.0028705177369581147	mRNA	Random Forest	1
GPC1	0.0025129334984906456	mRNA	Random Forest	1
SLC9A3R2	0.002437571705446466	mRNA	Random Forest	1
MLPH	0.002404265947031794	mRNA	Random Forest	1
BMP7	0.002317031689582035	mRNA	Random Forest	1
MUC1	0.002269647179528921	mRNA	Random Forest	1
KRT17	0.0022632695596450773	mRNA	Random Forest	1
TRA2B	0.0022632123694457523	mRNA	Random Forest	1
NTRK2	0.0022465281679175187	mRNA	Random Forest	1
GBP6	0.002130323295687872	mRNA	Random Forest	1
MUC21	0.0021256132514508737	mRNA	Random Forest	1
COL7A1	0.0021171707111224077	mRNA	Random Forest	1
TFRC	0.001989319572164738	mRNA	Random Forest	1
SFTA2	0.001963880138083247	mRNA	Random Forest	1
SFTA3	0.0019259319385856529	mRNA	Random Forest	1
LMO7	0.0018755145626795	mRNA	Random Forest	1
ANXA8	0.0018637824882411257	mRNA	Random Forest	1
ACAP2	0.0018336734265483026	mRNA	Random Forest	1
YEATS2	0.001803968219184605	mRNA	Random Forest	1
PSMD2	0.001706177690838541	mRNA	Random Forest	1
SPRR1A	0.0016880814090426395	mRNA	Random Forest	1
FXR1	0.0016724435325549325	mRNA	Random Forest	1
KRT15	0.0016479696946986066	mRNA	Random Forest	1
FMO5	0.0016012656034186652	mRNA	Random Forest	1
CLDN3	0.0015979621571339225	mRNA	Random Forest	1
LPIN2	0.001545973911299755	mRNA	Random Forest	1
LIMCH1	0.0015384426990041594	mRNA	Random Forest	1
ATP11A	0.0014416343239696142	mRNA	Random Forest	1
SLC16A1	0.0013907803563284768	mRNA	Random Forest	1
S100A2	0.0013477954065770278	mRNA	Random Forest	1
KRT7	0.0012654933822293167	mRNA	Random Forest	1
FBL	0.001248800177644273	mRNA	Random Forest	1
SPINK1	0.0012354146730718413	mRNA	Random Forest	1
ADAM23	0.001232239319999861	mRNA	Random Forest	1
AP2M1	0.0012224255528096608	mRNA	Random Forest	1
COL4A5	0.0011889040856481183	mRNA	Random Forest	1
SLC44A4	0.001144303665936041	mRNA	Random Forest	1
EPCAM	0.0011428506650144202	mRNA	Random Forest	1
S100A7	0.0011424579891087527	mRNA	Random Forest	1
CRKL	0.0011176433706454494	mRNA	Random Forest	1
LMO3	0.0011142337942607488	mRNA	Random Forest	1
ACTL6A	0.0011052670729940007	mRNA	Random Forest	1
PREP	0.0010671585199379604	mRNA	Random Forest	1
ABCC3	0.0010661513390404077	mRNA	Random Forest	1
UGT1A7	0.001052496791837669	mRNA	Random Forest	1
ERBB3	0.0010422559738277072	mRNA	Random Forest	1
PRMT1	0.001028690229015482	mRNA	Random Forest	1
BLCAP	0.0010238120381016844	mRNA	Random Forest	1
ATP11B	0.0010124320417221509	mRNA	Random Forest	1
FZD6	0.0010119916545227707	mRNA	Random Forest	1
QSOX1.1	9.987207044010928e-4	mRNA	Random Forest	1
TESC	9.913224321879332e-4	mRNA	Random Forest	1
SFN	9.611823191630868e-4	mRNA	Random Forest	1
ACSL5	9.564713927392814e-4	mRNA	Random Forest	1
RPS6KA2	9.284189083924461e-4	mRNA	Random Forest	1
ST3GAL5	9.277519816296575e-4	mRNA	Random Forest	1
NFE2L2	9.166618466846443e-4	mRNA	Random Forest	1
ADH7	8.761638897960892e-4	mRNA	Random Forest	1
PHC2	8.595515027390368e-4	mRNA	Random Forest	1
ABCC5	8.518315370851346e-4	mRNA	Random Forest	1
PI3	8.46894262083929e-4	mRNA	Random Forest	1
DLG1	8.381301130941383e-4	mRNA	Random Forest	1
DSG3	0.015336396725320363	mRNA	Random Forest	2
KRT5	0.012224775851290007	mRNA	Random Forest	2
DSC3	0.01055262275910123	mRNA	Random Forest	2
TP63	0.00887745840504601	mRNA	Random Forest	2
CSTA	0.008502211410469645	mRNA	Random Forest	2
IRF6	0.008482871033735363	mRNA	Random Forest	2
DDAH1	0.008246272168345814	mRNA	Random Forest	2
PVRL1	0.007658000100297991	mRNA	Random Forest	2
KRT6A	0.0071526231420117915	mRNA	Random Forest	2
KRT6B	0.006778887665610906	mRNA	Random Forest	2
KRT31	0.0064959492711217206	mRNA	Random Forest	2
CALML3	0.005937989507033375	mRNA	Random Forest	2
FAT2	0.00538876900046877	mRNA	Random Forest	2
SERPINB13	0.005214949832915041	mRNA	Random Forest	2
KRT6C	0.005113218104698867	mRNA	Random Forest	2
ATP1B3	0.005063388492672575	mRNA	Random Forest	2
KRT14	0.005031784389763445	mRNA	Random Forest	2
RBM47	0.004803306346161007	mRNA	Random Forest	2
KRT17	0.004590635921540369	mRNA	Random Forest	2
PKP1	0.004210133719023154	mRNA	Random Forest	2
CLCA2	0.003907006637803873	mRNA	Random Forest	2
MLPH	0.0036220243418823854	mRNA	Random Forest	2
MUC1	0.003465784534133725	mRNA	Random Forest	2
KRT13	0.003428582580699835	mRNA	Random Forest	2
TRIM29	0.0034072316659898632	mRNA	Random Forest	2
SERPINB5	0.0032982807346187714	mRNA	Random Forest	2
NTRK2	0.0032974580127081406	mRNA	Random Forest	2
BICD2	0.00326973855696314	mRNA	Random Forest	2
NKX2-1	0.0031380447731956637	mRNA	Random Forest	2
DVL3	0.003100486607763563	mRNA	Random Forest	2
SLC6A8	0.0030993168206439508	mRNA	Random Forest	2
SPRR2A	0.003027575339200408	mRNA	Random Forest	2
SPRR2E	0.002939735026088899	mRNA	Random Forest	2
KRT16	0.0029296957833871953	mRNA	Random Forest	2
PERP	0.0029260604336243893	mRNA	Random Forest	2
ALDH3B1	0.0027998455753777416	mRNA	Random Forest	2
ANXA8	0.002611124129427253	mRNA	Random Forest	2
GOLM1	0.002589667685090386	mRNA	Random Forest	2
ADAM23	0.0025773836497325923	mRNA	Random Forest	2
CELSR2	0.002573718763863545	mRNA	Random Forest	2
GBP6	0.0025116878663668284	mRNA	Random Forest	2
SLC44A4	0.0024302658312071053	mRNA	Random Forest	2
GPC1	0.0022164268115963024	mRNA	Random Forest	2
A2ML1	0.0022163185716267894	mRNA	Random Forest	2
SLC9A3R2	0.0022006790465808014	mRNA	Random Forest	2
KRT18	0.00218501404109424	mRNA	Random Forest	2
SFTA3	0.0021650233684360537	mRNA	Random Forest	2
S100A2	0.002137106000123235	mRNA	Random Forest	2
BMP7	0.0021047034047557123	mRNA	Random Forest	2
TMC5	0.0020019075456635354	mRNA	Random Forest	2
LPIN2	0.0019445006256149956	mRNA	Random Forest	2
SPRR1A	0.0018098246780059184	mRNA	Random Forest	2
FBL	0.001787556529078473	mRNA	Random Forest	2
CGN	0.0017659584621347343	mRNA	Random Forest	2
JAG1	0.001701540671361946	mRNA	Random Forest	2
CD2AP	0.0016924422679108443	mRNA	Random Forest	2
SLC16A1	0.001673057719309317	mRNA	Random Forest	2
PTHLH	0.0016696371062330444	mRNA	Random Forest	2
PTDSS1	0.0016030130431399284	mRNA	Random Forest	2
S100A7	0.0014790476136230205	mRNA	Random Forest	2
CLDN3	0.001423107811937103	mRNA	Random Forest	2
COL4A6	0.0014148921398844426	mRNA	Random Forest	2
LMO7	0.0013342263065309146	mRNA	Random Forest	2
PTPRZ1	0.0012450295367516068	mRNA	Random Forest	2
AP2M1	0.0012448184686539355	mRNA	Random Forest	2
KRT7	0.0012424787705809118	mRNA	Random Forest	2
ACSL5	0.0012347492617397946	mRNA	Random Forest	2
FXR1	0.0012151782702777318	mRNA	Random Forest	2
AMTN	0.0012102546993549242	mRNA	Random Forest	2
YEATS2	0.001175323069492431	mRNA	Random Forest	2
QSOX1.1	0.0011686109357671622	mRNA	Random Forest	2
CD46	0.0011653194869145542	mRNA	Random Forest	2
EPCAM	0.0011557824457599222	mRNA	Random Forest	2
CEACAM6	0.0011298404330588139	mRNA	Random Forest	2
RBP1	0.0011016670318472737	mRNA	Random Forest	2
SPINK1	0.0010867251926445461	mRNA	Random Forest	2
MBIP	0.001074039765671866	mRNA	Random Forest	2
TRA2B	0.0010553291783998013	mRNA	Random Forest	2
RAPGEFL1	0.0010465780024992775	mRNA	Random Forest	2
SFTA2	0.0010168110657602515	mRNA	Random Forest	2
AGR2	9.782258061180106e-4	mRNA	Random Forest	2
FZD6	9.7764534022193e-4	mRNA	Random Forest	2
CLCA4	9.135295962939621e-4	mRNA	Random Forest	2
ERBB3	9.029171049936595e-4	mRNA	Random Forest	2
ABCC5	8.939651600786384e-4	mRNA	Random Forest	2
LIMCH1	8.436236524003107e-4	mRNA	Random Forest	2
COL4A5	8.325631101150921e-4	mRNA	Random Forest	2
CD63	8.153203885209881e-4	mRNA	Random Forest	2
RHCG	8.135831594716791e-4	mRNA	Random Forest	2
DST	7.949247484217743e-4	mRNA	Random Forest	2
MUC13	7.932604581009144e-4	mRNA	Random Forest	2
ACTL6A	7.791334576039286e-4	mRNA	Random Forest	2
RPS6KA2	7.705378436611694e-4	mRNA	Random Forest	2
PI3	7.628652189393145e-4	mRNA	Random Forest	2
COL7A1	7.574906352673254e-4	mRNA	Random Forest	2
LMNB2	7.529568720803299e-4	mRNA	Random Forest	2
FMO5	7.502551417646117e-4	mRNA	Random Forest	2
LGALS7	7.474274347837487e-4	mRNA	Random Forest	2
FUCA1	7.301109542839923e-4	mRNA	Random Forest	2
KRT15	7.191244877443963e-4	mRNA	Random Forest	2
KRT5	0.013912804890545164	mRNA	Random Forest	3
TP63	0.012267598633713826	mRNA	Random Forest	3
DSG3	0.010787117547316039	mRNA	Random Forest	3
PVRL1	0.010249633182211716	mRNA	Random Forest	3
CSTA	0.008549587144255216	mRNA	Random Forest	3
CLCA2	0.008348069389508399	mRNA	Random Forest	3
DSC3	0.008279728551261809	mRNA	Random Forest	3
IRF6	0.008222594207464172	mRNA	Random Forest	3
CALML3	0.006779958499032091	mRNA	Random Forest	3
TRIM29	0.006006207857743432	mRNA	Random Forest	3
KRT6C	0.005617325268350786	mRNA	Random Forest	3
SERPINB13	0.005606284933260958	mRNA	Random Forest	3
BICD2	0.005560541579483351	mRNA	Random Forest	3
PKP1	0.005446173802756346	mRNA	Random Forest	3
ATP1B3	0.005299945717932188	mRNA	Random Forest	3
KRT6A	0.005232378644728938	mRNA	Random Forest	3
RBM47	0.005110425406489799	mRNA	Random Forest	3
FAT2	0.0050678477761786425	mRNA	Random Forest	3
CGN	0.004723627723028963	mRNA	Random Forest	3
GPC1	0.00444317795408824	mRNA	Random Forest	3
DDAH1	0.0043999890103253985	mRNA	Random Forest	3
KRT17	0.0043039504560116425	mRNA	Random Forest	3
NKX2-1	0.004286395738182712	mRNA	Random Forest	3
PERP	0.004023316166511431	mRNA	Random Forest	3
SPRR2A	0.0038098983820653632	mRNA	Random Forest	3
SLC6A8	0.0037064629630119226	mRNA	Random Forest	3
DAPL1	0.0036815446573872945	mRNA	Random Forest	3
KRT13	0.0035695098784455964	mRNA	Random Forest	3
KRT16	0.0035373212302775067	mRNA	Random Forest	3
KRT6B	0.003525431439537295	mRNA	Random Forest	3
MLPH	0.0035176857441703417	mRNA	Random Forest	3
KRT14	0.0034494618746644425	mRNA	Random Forest	3
NTRK2	0.003322100823370503	mRNA	Random Forest	3
ADAM23	0.0033214149666897686	mRNA	Random Forest	3
COL4A6	0.0032651099678984753	mRNA	Random Forest	3
CELSR2	0.0032219768121903086	mRNA	Random Forest	3
SERPINB5	0.003157166242776465	mRNA	Random Forest	3
TMC5	0.002767803590585374	mRNA	Random Forest	3
JAG1	0.002628008160507771	mRNA	Random Forest	3
KRT31	0.0025915921822854686	mRNA	Random Forest	3
GBP6	0.002540056326944354	mRNA	Random Forest	3
ANXA8	0.0025312706586639723	mRNA	Random Forest	3
ERBB3	0.002528273157546834	mRNA	Random Forest	3
PRNP	0.0024899615235748156	mRNA	Random Forest	3
DVL3	0.0024870973637791663	mRNA	Random Forest	3
SLC44A4	0.002276445658993688	mRNA	Random Forest	3
SPRR2E	0.002186018454830661	mRNA	Random Forest	3
RPS6KA2	0.00208191541617638	mRNA	Random Forest	3
SFTA3	0.002049856989598418	mRNA	Random Forest	3
DST	0.0020106666464094385	mRNA	Random Forest	3
A2ML1	0.001962871436480802	mRNA	Random Forest	3
BMP7	0.0019224560854879408	mRNA	Random Forest	3
SLC16A1	0.0018769019939854257	mRNA	Random Forest	3
DLG1	0.0018015314277492803	mRNA	Random Forest	3
COL7A1	0.0017946788426391614	mRNA	Random Forest	3
LIMCH1	0.001743003450824027	mRNA	Random Forest	3
AP2M1	0.0017053038458196956	mRNA	Random Forest	3
BLCAP	0.00163174956555187	mRNA	Random Forest	3
ABCC5	0.0015843256217451202	mRNA	Random Forest	3
PTTG1IP	0.00157333607760318	mRNA	Random Forest	3
CLDN3	0.0015547806717064172	mRNA	Random Forest	3
GOLM1	0.0015535449338940385	mRNA	Random Forest	3
FZD6	0.0015239059108967715	mRNA	Random Forest	3
YEATS2	0.0014998370620219006	mRNA	Random Forest	3
MUC1	0.0014952364222071827	mRNA	Random Forest	3
ADH7	0.0014771366231939172	mRNA	Random Forest	3
KRT15	0.0014242589767098851	mRNA	Random Forest	3
CXCR7	0.001385654687998282	mRNA	Random Forest	3
KRT7	0.001338342030311205	mRNA	Random Forest	3
STEAP4	0.0013206219701576106	mRNA	Random Forest	3
FXR1	0.0013203728123345193	mRNA	Random Forest	3
ALDH3B1	0.0012794131458559147	mRNA	Random Forest	3
ACTL6A	0.0012569096764709648	mRNA	Random Forest	3
SFTA2	0.0012489596391361951	mRNA	Random Forest	3
ATP11B	0.0012434910790819435	mRNA	Random Forest	3
PTPRZ1	0.0012137988334970896	mRNA	Random Forest	3
LMO3	0.0012004297806438944	mRNA	Random Forest	3
COL4A5	0.0011831975250320942	mRNA	Random Forest	3
CD9	0.0011091228582184981	mRNA	Random Forest	3
S100A2	0.001090555233061283	mRNA	Random Forest	3
LMO7	0.001075986010523723	mRNA	Random Forest	3
SOX2	0.0010734511393038122	mRNA	Random Forest	3
SPRR1A	0.0010666486731354067	mRNA	Random Forest	3
MT1X	0.0010653720530343438	mRNA	Random Forest	3
QSOX1.1	0.0010606369468119724	mRNA	Random Forest	3
FBP1	0.0010600183144674107	mRNA	Random Forest	3
MUC21	0.001050125748345055	mRNA	Random Forest	3
SLC9A3R2	0.0010178749692645553	mRNA	Random Forest	3
CD55	9.876734277183927e-4	mRNA	Random Forest	3
PTDSS1	9.676633178013829e-4	mRNA	Random Forest	3
ATP11A	9.571978149143592e-4	mRNA	Random Forest	3
FAM107B	9.530732742642245e-4	mRNA	Random Forest	3
ACSL5	9.509644798956583e-4	mRNA	Random Forest	3
CD63	9.21227817073943e-4	mRNA	Random Forest	3
ITGA6	9.067132189861158e-4	mRNA	Random Forest	3
GJB6	9.063706605284565e-4	mRNA	Random Forest	3
PARL	8.878445497696723e-4	mRNA	Random Forest	3
S100A7	8.853203258086628e-4	mRNA	Random Forest	3
LRP10	8.757044366366544e-4	mRNA	Random Forest	3
PSMD2	8.327571380361232e-4	mRNA	Random Forest	3
DSG3	0.015002652080435757	mRNA	Random Forest	4
KRT5	0.0148400060151176	mRNA	Random Forest	4
DSC3	0.011753703351261937	mRNA	Random Forest	4
TP63	0.00953247751072285	mRNA	Random Forest	4
PVRL1	0.0087433713023079	mRNA	Random Forest	4
CALML3	0.007847294717148987	mRNA	Random Forest	4
CSTA	0.00718354837899227	mRNA	Random Forest	4
ATP1B3	0.00670022958970482	mRNA	Random Forest	4
CLCA2	0.006634296703564059	mRNA	Random Forest	4
KRT6C	0.006320582554480978	mRNA	Random Forest	4
FAT2	0.006174183140356105	mRNA	Random Forest	4
IRF6	0.005967216181927166	mRNA	Random Forest	4
DAPL1	0.005905657346278662	mRNA	Random Forest	4
SERPINB13	0.005660123577860733	mRNA	Random Forest	4
DDAH1	0.005088343948554888	mRNA	Random Forest	4
KRT6A	0.0050598376261573935	mRNA	Random Forest	4
KRT31	0.004873442221354331	mRNA	Random Forest	4
PERP	0.004777298490121037	mRNA	Random Forest	4
SPRR2E	0.00476328660590441	mRNA	Random Forest	4
A2ML1	0.004372751939996838	mRNA	Random Forest	4
GPC1	0.0043204489364750765	mRNA	Random Forest	4
NKX2-1	0.004042583967235588	mRNA	Random Forest	4
BICD2	0.003995110630857888	mRNA	Random Forest	4
KRT6B	0.003979604473295028	mRNA	Random Forest	4
MLPH	0.003802299354300652	mRNA	Random Forest	4
KRT14	0.0035617670809095932	mRNA	Random Forest	4
SERPINB5	0.003497975041009096	mRNA	Random Forest	4
KRT16	0.0034958440873317557	mRNA	Random Forest	4
RBM47	0.0034543876020530005	mRNA	Random Forest	4
KRT13	0.003213620203174176	mRNA	Random Forest	4
PKP1	0.0030942766057777526	mRNA	Random Forest	4
CELSR2	0.002906453033289992	mRNA	Random Forest	4
KRT17	0.002766248082965755	mRNA	Random Forest	4
TRIM29	0.0027562243392102457	mRNA	Random Forest	4
SLC6A8	0.0024944521535312895	mRNA	Random Forest	4
SPRR2A	0.002415993562961896	mRNA	Random Forest	4
YEATS2	0.0022594520493880656	mRNA	Random Forest	4
KRT7	0.00223542137298522	mRNA	Random Forest	4
CLDN3	0.002225263501773469	mRNA	Random Forest	4
GBP6	0.0022115475507258208	mRNA	Random Forest	4
JAG1	0.002179310500811944	mRNA	Random Forest	4
DVL3	0.002149870155897683	mRNA	Random Forest	4
ABCC5	0.002104227953392762	mRNA	Random Forest	4
AP2M1	0.002089707551713495	mRNA	Random Forest	4
BMP7	0.002046188511550275	mRNA	Random Forest	4
S100A2	0.001966408554991706	mRNA	Random Forest	4
ANXA8	0.0019317126862594134	mRNA	Random Forest	4
ADAM23	0.001907778655638463	mRNA	Random Forest	4
NTRK2	0.0018972135436210863	mRNA	Random Forest	4
SFTA2	0.001795179178816803	mRNA	Random Forest	4
FBL	0.0017762590911135734	mRNA	Random Forest	4
RHCG	0.0017385135545270815	mRNA	Random Forest	4
GOLM1	0.0016568615538777934	mRNA	Random Forest	4
DLG1	0.0016544908299762086	mRNA	Random Forest	4
S100A7	0.0016344883214719102	mRNA	Random Forest	4
ALDH3B1	0.0015866666819885035	mRNA	Random Forest	4
TESC	0.0014682220369744228	mRNA	Random Forest	4
SLC16A1	0.0014650061181900073	mRNA	Random Forest	4
CGN	0.001448591873996244	mRNA	Random Forest	4
SLC44A4	0.0014405590500588463	mRNA	Random Forest	4
FZD6	0.0013196393285337753	mRNA	Random Forest	4
CMPK1	0.0013039210606579914	mRNA	Random Forest	4
ADH7	0.0012690958261287655	mRNA	Random Forest	4
SPRR1A	0.0012435746654190056	mRNA	Random Forest	4
PSMD2	0.0011685241522370747	mRNA	Random Forest	4
ACSL5	0.001151557575749785	mRNA	Random Forest	4
ITGA6	0.0010787026847028057	mRNA	Random Forest	4
PREP	0.0010775029680958176	mRNA	Random Forest	4
QSOX1.1	0.0010728404426188832	mRNA	Random Forest	4
CLCA4	0.0010716424855890846	mRNA	Random Forest	4
RANGAP1	0.0010634630477070067	mRNA	Random Forest	4
UGT1A7	0.0010576220195430233	mRNA	Random Forest	4
COL7A1	0.0010341787136452256	mRNA	Random Forest	4
C3orf58	0.0010322624678894268	mRNA	Random Forest	4
RPS6KA2	0.0010291288590698014	mRNA	Random Forest	4
SPINK1	9.693212544115954e-4	mRNA	Random Forest	4
KRT18	9.677958840200102e-4	mRNA	Random Forest	4
CSDA	9.612774219712901e-4	mRNA	Random Forest	4
ATP11A	9.49415776374329e-4	mRNA	Random Forest	4
MCM2	9.413230528637688e-4	mRNA	Random Forest	4
NCBP2	9.268656539748179e-4	mRNA	Random Forest	4
LMNB2	9.205366495057037e-4	mRNA	Random Forest	4
SOX2	9.166687264770395e-4	mRNA	Random Forest	4
SFTA3	9.1385042976339e-4	mRNA	Random Forest	4
CLDN1	9.11918521349198e-4	mRNA	Random Forest	4
NRP1	9.011534836849519e-4	mRNA	Random Forest	4
CD63	8.99093210156593e-4	mRNA	Random Forest	4
LMO3	8.72338396870949e-4	mRNA	Random Forest	4
TMC5	8.718687475205094e-4	mRNA	Random Forest	4
PTDSS1	8.177766083083095e-4	mRNA	Random Forest	4
BLCAP	8.145791006560363e-4	mRNA	Random Forest	4
CYP2S1	8.142172916265626e-4	mRNA	Random Forest	4
OLFM1	7.961006264547979e-4	mRNA	Random Forest	4
SLC2A1	7.902213379208607e-4	mRNA	Random Forest	4
PTHLH	7.839756086254123e-4	mRNA	Random Forest	4
MUC1	7.729002175962958e-4	mRNA	Random Forest	4
IVL	7.707095262752664e-4	mRNA	Random Forest	4
FOXE1	7.665363313694005e-4	mRNA	Random Forest	4
SPRR2D	7.561243470491779e-4	mRNA	Random Forest	4
PI3	7.536842969167929e-4	mRNA	Random Forest	4
DSG3	0.015592965771302005	mRNA	Random Forest	5
DSC3	0.011159312533187912	mRNA	Random Forest	5
KRT5	0.009900010212350315	mRNA	Random Forest	5
PVRL1	0.008301053662782044	mRNA	Random Forest	5
TP63	0.0082633507306167555	mRNA	Random Forest	5
SERPINB13	0.0070571872894099105	mRNA	Random Forest	5
IRF6	0.007003543523684177	mRNA	Random Forest	5
ATP1B3	0.006932899640583567	mRNA	Random Forest	5
PERP	0.006911475052116351	mRNA	Random Forest	5
CALML3	0.006636980396879836	mRNA	Random Forest	5
RBM47	0.0066237548946776435	mRNA	Random Forest	5
CSTA	0.0062421835622599	mRNA	Random Forest	5
CLCA2	0.006222661753889397	mRNA	Random Forest	5
TRIM29	0.00600588797723657	mRNA	Random Forest	5
KRT6B	0.005904818674976338	mRNA	Random Forest	5
NKX2-1	0.0058357997063604875	mRNA	Random Forest	5
FAT2	0.005613910071123705	mRNA	Random Forest	5
DAPL1	0.005435362512104209	mRNA	Random Forest	5
KRT6A	0.005421644945120129	mRNA	Random Forest	5
DDAH1	0.004657733569815537	mRNA	Random Forest	5
KRT6C	0.003991300486067106	mRNA	Random Forest	5
KRT13	0.003932134504786044	mRNA	Random Forest	5
KRT17	0.0039050479257984696	mRNA	Random Forest	5
ADAM23	0.00375587641152039	mRNA	Random Forest	5
NTRK2	0.0037535859734376094	mRNA	Random Forest	5
SPRR2A	0.0037255828411899695	mRNA	Random Forest	5
A2ML1	0.0036903635525475558	mRNA	Random Forest	5
PKP1	0.0036683458922258092	mRNA	Random Forest	5
CELSR2	0.0034964118956898648	mRNA	Random Forest	5
GOLM1	0.003441241441302805	mRNA	Random Forest	5
BICD2	0.003307388787841558	mRNA	Random Forest	5
GPC1	0.0032031695048076857	mRNA	Random Forest	5
KRT16	0.003185910077996148	mRNA	Random Forest	5
SFTA3	0.003108547136270813	mRNA	Random Forest	5
KRT14	0.00309458133560212	mRNA	Random Forest	5
GBP6	0.0027340205193365553	mRNA	Random Forest	5
TMC5	0.0026079353374918106	mRNA	Random Forest	5
MUC1	0.0024943388954689603	mRNA	Random Forest	5
SLC16A1	0.0024345935486228473	mRNA	Random Forest	5
CGN	0.0023945361269791707	mRNA	Random Forest	5
SPRR2E	0.002340183548218463	mRNA	Random Forest	5
SLC9A3R2	0.0022685905414820116	mRNA	Random Forest	5
ERBB3	0.0022598234183353956	mRNA	Random Forest	5
FMO5	0.0022325827461193333	mRNA	Random Forest	5
DVL3	0.002223707457042335	mRNA	Random Forest	5
AP2M1	0.002219464747807735	mRNA	Random Forest	5
SLC6A8	0.00202620198801383	mRNA	Random Forest	5
JAG1	0.0019149094450216393	mRNA	Random Forest	5
ALDH3B1	0.00183138823685797	mRNA	Random Forest	5
QSOX1.1	0.0018311515217215313	mRNA	Random Forest	5
MLPH	0.0018288392424672779	mRNA	Random Forest	5
SFTA2	0.0016479096468897895	mRNA	Random Forest	5
CLDN3	0.0015489707167794264	mRNA	Random Forest	5
SPINK1	0.0015468366225752177	mRNA	Random Forest	5
SLC44A4	0.001509989349713529	mRNA	Random Forest	5
ACSL5	0.001463099531617782	mRNA	Random Forest	5
KRT7	0.0014438304926104293	mRNA	Random Forest	5
LPIN2	0.0014084138877224427	mRNA	Random Forest	5
COL7A1	0.0013895865201728251	mRNA	Random Forest	5
PTPRZ1	0.0013887732941735916	mRNA	Random Forest	5
UGT1A7	0.0013596074377650342	mRNA	Random Forest	5
RHCG	0.0013253668139895103	mRNA	Random Forest	5
FKBP4	0.0012920792822961377	mRNA	Random Forest	5
FOXM1	0.0012724079855450368	mRNA	Random Forest	5
SERPINB5	0.0012424230553892933	mRNA	Random Forest	5
ADH7	0.0012399823632137145	mRNA	Random Forest	5
CLCA4	0.0012245369161807652	mRNA	Random Forest	5
SHROOM3	0.0011242621568592214	mRNA	Random Forest	5
LMO7	0.001120065761139684	mRNA	Random Forest	5
ATP11A	0.0010951986412587207	mRNA	Random Forest	5
CD9	0.0010882565364766742	mRNA	Random Forest	5
MUC21	0.001067833621048478	mRNA	Random Forest	5
PI3	0.0010558388403433113	mRNA	Random Forest	5
B3GNT7	0.0010553593726188022	mRNA	Random Forest	5
CPM	0.001041210566171936	mRNA	Random Forest	5
SPRR1A	0.00103895331390942	mRNA	Random Forest	5
MT1X	0.0010287238080913031	mRNA	Random Forest	5
CD46	0.0010225379567570733	mRNA	Random Forest	5
PARL	0.0010144146238891052	mRNA	Random Forest	5
PTDSS1	0.0010008015638758754	mRNA	Random Forest	5
FOXE1	9.78520937884171e-4	mRNA	Random Forest	5
LIMCH1	9.517995307704918e-4	mRNA	Random Forest	5
ACTL6A	9.163443770127495e-4	mRNA	Random Forest	5
ST3GAL5	9.028746467430604e-4	mRNA	Random Forest	5
TTLL12	8.966771972390632e-4	mRNA	Random Forest	5
S100A7	8.941705023580153e-4	mRNA	Random Forest	5
TFRC	8.890850568659845e-4	mRNA	Random Forest	5
COL4A5	8.820273172086464e-4	mRNA	Random Forest	5
SPRR1B	8.690719024006601e-4	mRNA	Random Forest	5
PTHLH	8.61764970257562e-4	mRNA	Random Forest	5
FSCN1	8.6112568039388e-4	mRNA	Random Forest	5
DLG1	8.186859382314178e-4	mRNA	Random Forest	5
ANXA8	8.14676815279693e-4	mRNA	Random Forest	5
TMBIM6	8.103989145262609e-4	mRNA	Random Forest	5
CSDA	7.879861923667706e-4	mRNA	Random Forest	5
CD55	7.867070108884338e-4	mRNA	Random Forest	5
NRP1	7.843740647696183e-4	mRNA	Random Forest	5
S100A2	7.819022508163975e-4	mRNA	Random Forest	5
ABCC5	7.79431116858474e-4	mRNA	Random Forest	5
RPS6KA2	7.794213425445098e-4	mRNA	Random Forest	5
feature_396049	0.006277147604149638	DNA methylation	Random Forest	1
CUGBP2.39	0.006269745064042798	DNA methylation	Random Forest	1
PAK1.6	0.005919248381802303	DNA methylation	Random Forest	1
TPM3;NUP210L	0.005548969820801112	DNA methylation	Random Forest	1
HN1.10	0.005396224453824587	DNA methylation	Random Forest	1
MICALL2.15	0.004695590434032872	DNA methylation	Random Forest	1
UTRN.13	0.0045824209817782475	DNA methylation	Random Forest	1
GLI3.64	0.004526007252239459	DNA methylation	Random Forest	1
EFNB1.26	0.004307496058772215	DNA methylation	Random Forest	1
feature_58817	0.004241685977359463	DNA methylation	Random Forest	1
SLC2A5.7	0.004200109793903917	DNA methylation	Random Forest	1
ZNF750;TBCD.17	0.004071452288298705	DNA methylation	Random Forest	1
ACAP2	0.0037139309752116352	DNA methylation	Random Forest	1
TTC12.8	0.003377455092371727	DNA methylation	Random Forest	1
RNMTL1	0.0033536651721946032	DNA methylation	Random Forest	1
ANKRD58	0.0033500772081172417	DNA methylation	Random Forest	1
RASSF1.36	0.0033294588244067143	DNA methylation	Random Forest	1
MYLK.1	0.0032509637107393657	DNA methylation	Random Forest	1
ITPRIP.13	0.0032437283544007275	DNA methylation	Random Forest	1
TBCD.110	0.003238859166236501	DNA methylation	Random Forest	1
RNMTL1.7	0.00320351746833977	DNA methylation	Random Forest	1
TP73.68	0.0031629995391350726	DNA methylation	Random Forest	1
RIMS2.20	0.0031235326473662566	DNA methylation	Random Forest	1
KLF14.5	0.0031084550084800287	DNA methylation	Random Forest	1
feature_67285	0.0030037500057355374	DNA methylation	Random Forest	1
feature_54795	0.0029286380196123472	DNA methylation	Random Forest	1
feature_187008	0.0028603580255268926	DNA methylation	Random Forest	1
feature_182338	0.002857439528605708	DNA methylation	Random Forest	1
PRKAR1B.114	0.0028130430578083964	DNA methylation	Random Forest	1
ZHX2	0.002740242089065176	DNA methylation	Random Forest	1
CHST7.5	0.0027342002921815415	DNA methylation	Random Forest	1
feature_23127	0.002726854946601005	DNA methylation	Random Forest	1
ZNRF2.6	0.0026966135928324984	DNA methylation	Random Forest	1
NUP210L.3	0.002649563035242011	DNA methylation	Random Forest	1
feature_396053	0.0025853585556651643	DNA methylation	Random Forest	1
feature_396007	0.002566473701343476	DNA methylation	Random Forest	1
GRASP.1	0.0025362493875226723	DNA methylation	Random Forest	1
TP63.5	0.002515820144900366	DNA methylation	Random Forest	1
LAMA5.15	0.002459990145493247	DNA methylation	Random Forest	1
ATP6AP1.4	0.002438951472858596	DNA methylation	Random Forest	1
LIMA1.17	0.002375174410058635	DNA methylation	Random Forest	1
HOXA3.19	0.0023617835499974145	DNA methylation	Random Forest	1
feature_78823	0.002359338064393631	DNA methylation	Random Forest	1
C3orf34	0.0023277836683514037	DNA methylation	Random Forest	1
ZMYM3;BCYRN1.9	0.0023211027323375272	DNA methylation	Random Forest	1
ITPRIP.20	0.002294625893349007	DNA methylation	Random Forest	1
CUGBP2.74	0.0022440732130394755	DNA methylation	Random Forest	1
CHST12.14	0.0021601936868291083	DNA methylation	Random Forest	1
CCM2	0.0021469564989473043	DNA methylation	Random Forest	1
FARP1.51	0.0021071253886621307	DNA methylation	Random Forest	1
APC.18	0.0020611180159396687	DNA methylation	Random Forest	1
feature_286684	0.0020467768639333287	DNA methylation	Random Forest	1
COL5A2.3	0.0020306495759225963	DNA methylation	Random Forest	1
PDGFA.12	0.001977386256907825	DNA methylation	Random Forest	1
MBTPS2.5	0.001970090554655795	DNA methylation	Random Forest	1
SPSB1.35	0.001855167950145401	DNA methylation	Random Forest	1
HIST3H2BB;HIST3H2A.11	0.0018415344258178776	DNA methylation	Random Forest	1
RUNX3.1	0.0018253665933247224	DNA methylation	Random Forest	1
PRICKLE3	0.0018239347601664289	DNA methylation	Random Forest	1
feature_396057	0.00178139721652664	DNA methylation	Random Forest	1
FOXK1.53	0.0017668304070224611	DNA methylation	Random Forest	1
DEAF1.18	0.0017520239452886994	DNA methylation	Random Forest	1
CUGBP2.75	0.0017473646483455651	DNA methylation	Random Forest	1
SLC22A20.9	0.0017435329060761988	DNA methylation	Random Forest	1
MIR205HG.2	0.0016990386636795446	DNA methylation	Random Forest	1
HIST1H2AA;HIST1H2BA.10	0.001693047553276257	DNA methylation	Random Forest	1
RAP2C.11	0.0016717170736181037	DNA methylation	Random Forest	1
MIR205HG;MIR205.1	0.0016671495637453427	DNA methylation	Random Forest	1
PHF8.7	0.0016562810038785335	DNA methylation	Random Forest	1
feature_265572	0.0016369216519402814	DNA methylation	Random Forest	1
CSNK1D.5	0.00156458742442289	DNA methylation	Random Forest	1
feature_342753	0.0015618784900234372	DNA methylation	Random Forest	1
HMGB3.14	0.001557444340294828	DNA methylation	Random Forest	1
ST18.16	0.0015347254700921323	DNA methylation	Random Forest	1
RTP1.8	0.0015182141523893706	DNA methylation	Random Forest	1
ZNF323.7	0.0015157112847135926	DNA methylation	Random Forest	1
SH3PXD2A.26	0.0014829943915206742	DNA methylation	Random Forest	1
feature_362612	0.0014711909468010044	DNA methylation	Random Forest	1
MTMR1.14	0.0014659432327696442	DNA methylation	Random Forest	1
RIMS2.2	0.001440547271695307	DNA methylation	Random Forest	1
TP73.88	0.0014374842652962656	DNA methylation	Random Forest	1
feature_62326	0.0013972512675927459	DNA methylation	Random Forest	1
TP73.8	0.0013766424493754695	DNA methylation	Random Forest	1
VWC2.1	0.0013604140991674333	DNA methylation	Random Forest	1
MIR205HG;MIR205.2	0.0013392177176830074	DNA methylation	Random Forest	1
FHL1.19	0.0013203301320714716	DNA methylation	Random Forest	1
PTPN14.35	0.0013201143348588807	DNA methylation	Random Forest	1
feature_167573	0.0013119601013130272	DNA methylation	Random Forest	1
feature_396028	0.0013108261822888578	DNA methylation	Random Forest	1
MOSPD2;FANCB.2	0.0013042177807468787	DNA methylation	Random Forest	1
feature_396032	0.0013035197337127051	DNA methylation	Random Forest	1
AMMECR1.6	0.0012863247749598484	DNA methylation	Random Forest	1
PCYT1B.12	0.0012776666774412168	DNA methylation	Random Forest	1
TSNARE1.105	0.0012756241206441558	DNA methylation	Random Forest	1
SH3PXD2A.6	0.0012666485939577402	DNA methylation	Random Forest	1
NPTN.5	0.0012538395805431692	DNA methylation	Random Forest	1
RAB40C.27	0.0012409001335894673	DNA methylation	Random Forest	1
feature_13458	0.0012144882642966441	DNA methylation	Random Forest	1
feature_283246	0.0011951835472117662	DNA methylation	Random Forest	1
FAM104B.4	0.0011596595024552455	DNA methylation	Random Forest	1
PHF8.7	0.007859492762512547	DNA methylation	Random Forest	2
feature_133349	0.006591301937285222	DNA methylation	Random Forest	2
RIMS2.23	0.006215444837450626	DNA methylation	Random Forest	2
CUGBP2.39	0.005359907255727764	DNA methylation	Random Forest	2
DEAF1.18	0.004689812229275943	DNA methylation	Random Forest	2
MICALL2.15	0.004606365911406435	DNA methylation	Random Forest	2
EFNB1.26	0.004268572843990326	DNA methylation	Random Forest	2
feature_58817	0.0040833783048898654	DNA methylation	Random Forest	2
ZHX2.39	0.003784067219288694	DNA methylation	Random Forest	2
feature_396053	0.003676213594965465	DNA methylation	Random Forest	2
RIMS2.20	0.003575533993901778	DNA methylation	Random Forest	2
PRDX4.2	0.003469472856167301	DNA methylation	Random Forest	2
MBTPS2.5	0.00333629591849691	DNA methylation	Random Forest	2
AMMECR1.6	0.0033146261175339385	DNA methylation	Random Forest	2
CARD14.14	0.003314325523426356	DNA methylation	Random Forest	2
RTP1.8	0.0032199930558932696	DNA methylation	Random Forest	2
LIMA1.17	0.0032018081970198575	DNA methylation	Random Forest	2
HMGB3.14	0.003147041083949173	DNA methylation	Random Forest	2
ZHX2	0.003136990467572663	DNA methylation	Random Forest	2
ELMO1.12	0.0031119649847768296	DNA methylation	Random Forest	2
CSNK1D.5	0.0030955974171144804	DNA methylation	Random Forest	2
feature_23127	0.0030693143674400264	DNA methylation	Random Forest	2
PRICKLE3	0.003066422032479342	DNA methylation	Random Forest	2
UTRN.13	0.003014570286293365	DNA methylation	Random Forest	2
ITPRIP.20	0.0030021395810047088	DNA methylation	Random Forest	2
ZNF750;TBCD.17	0.002931804636641404	DNA methylation	Random Forest	2
feature_396049	0.002920804482914562	DNA methylation	Random Forest	2
feature_331883	0.0028195239798498735	DNA methylation	Random Forest	2
ATP6AP1.4	0.002777815413987711	DNA methylation	Random Forest	2
RASSF1.36	0.0027316132739748557	DNA methylation	Random Forest	2
TBCD.110	0.0027226050065969464	DNA methylation	Random Forest	2
feature_200433	0.0026911464832170113	DNA methylation	Random Forest	2
feature_24181	0.0026666877184474253	DNA methylation	Random Forest	2
TPM3;NUP210L	0.0026524544878716028	DNA methylation	Random Forest	2
ST18.16	0.002650811688501016	DNA methylation	Random Forest	2
XKR6.72	0.0026329941234820185	DNA methylation	Random Forest	2
CUGBP2.75	0.0025378501943682094	DNA methylation	Random Forest	2
ZNRF2.6	0.002475953621789658	DNA methylation	Random Forest	2
NGFRAP1.4	0.002447987753413889	DNA methylation	Random Forest	2
SLC2A5.7	0.002412243607965576	DNA methylation	Random Forest	2
feature_67285	0.0023892921675989173	DNA methylation	Random Forest	2
CHST7.5	0.002332976625489936	DNA methylation	Random Forest	2
DTNBP1.19	0.0023319332177356637	DNA methylation	Random Forest	2
GLI3.64	0.0023122897122252527	DNA methylation	Random Forest	2
S100A11.5	0.0022799138166899216	DNA methylation	Random Forest	2
FOXK1.53	0.0022737112698624318	DNA methylation	Random Forest	2
MIR205HG.2	0.0021691337465349915	DNA methylation	Random Forest	2
feature_396033	0.002158615014887119	DNA methylation	Random Forest	2
ZMYM3;BCYRN1.9	0.002109384401547795	DNA methylation	Random Forest	2
feature_396032	0.0021058426556062083	DNA methylation	Random Forest	2
EFNB1.19	0.0020985192030198957	DNA methylation	Random Forest	2
EFNB1.10	0.0020981613197363197	DNA methylation	Random Forest	2
RAB40C.22	0.0020878708726271584	DNA methylation	Random Forest	2
TP73.68	0.002084465723033181	DNA methylation	Random Forest	2
HN1.10	0.0020720899035473173	DNA methylation	Random Forest	2
FOXK1.49	0.0020374170692218324	DNA methylation	Random Forest	2
RNMTL1.7	0.0020320195686718695	DNA methylation	Random Forest	2
ZNF750;TBCD.27	0.0020227045224602553	DNA methylation	Random Forest	2
TP73.88	0.002001418126886314	DNA methylation	Random Forest	2
feature_182338	0.0018418701854861902	DNA methylation	Random Forest	2
feature_396013	0.0018260554457850628	DNA methylation	Random Forest	2
MYLK.1	0.0018259130265703702	DNA methylation	Random Forest	2
RNMTL1	0.0018023053369892175	DNA methylation	Random Forest	2
TP63.5	0.0017815821242157907	DNA methylation	Random Forest	2
feature_138624	0.0017519244724004768	DNA methylation	Random Forest	2
feature_54795	0.0017489390753081806	DNA methylation	Random Forest	2
feature_265572	0.0017312561771879783	DNA methylation	Random Forest	2
feature_396054	0.001714047722887484	DNA methylation	Random Forest	2
feature_396024	0.00171215052871619	DNA methylation	Random Forest	2
ACSL4.2	0.0017010572936287357	DNA methylation	Random Forest	2
HOXA3.19	0.0016949974120217591	DNA methylation	Random Forest	2
feature_286684	0.0016582811521302426	DNA methylation	Random Forest	2
GRASP	0.0016024682857857231	DNA methylation	Random Forest	2
ZNRF3.11	0.0015747919334804952	DNA methylation	Random Forest	2
feature_396028	0.0015738836890471764	DNA methylation	Random Forest	2
feature_396007	0.001567332464807098	DNA methylation	Random Forest	2
RUNX2.7	0.0015459768973407056	DNA methylation	Random Forest	2
ITPRIP.13	0.0015339523109440083	DNA methylation	Random Forest	2
ZNF323.7	0.0015181412514316992	DNA methylation	Random Forest	2
C3orf34	0.0015129964869098772	DNA methylation	Random Forest	2
feature_187008	0.0014271247299276965	DNA methylation	Random Forest	2
feature_3997	0.0014099320726166167	DNA methylation	Random Forest	2
RAB40C.27	0.001402222911519683	DNA methylation	Random Forest	2
PRDX4.4	0.001394551233139091	DNA methylation	Random Forest	2
CHST12.14	0.001392537627419101	DNA methylation	Random Forest	2
NLGN4Y.13	0.0013913182521183877	DNA methylation	Random Forest	2
feature_252930	0.0013895511777076057	DNA methylation	Random Forest	2
feature_41615	0.001384773159291364	DNA methylation	Random Forest	2
feature_396015	0.0013847434022587518	DNA methylation	Random Forest	2
feature_322103	0.00135723827860803	DNA methylation	Random Forest	2
NUP210L.3	0.0013435065535536198	DNA methylation	Random Forest	2
feature_396057	0.00131986261502272	DNA methylation	Random Forest	2
WHAMM.5	0.0013131114577974873	DNA methylation	Random Forest	2
feature_396026	0.0013018411250638369	DNA methylation	Random Forest	2
LTBP4.41	0.001289953126356939	DNA methylation	Random Forest	2
FARP1.19	0.0012848433433423141	DNA methylation	Random Forest	2
PTPN14.35	0.0012838302262037085	DNA methylation	Random Forest	2
CNKSR2.1	0.0012794380340877373	DNA methylation	Random Forest	2
feature_342753	0.001255680694253627	DNA methylation	Random Forest	2
HDAC4.176	0.0012434716817261338	DNA methylation	Random Forest	2
SLC2A5.7	0.006896908902417696	DNA methylation	Random Forest	3
DCPS.9	0.006541857009958271	DNA methylation	Random Forest	3
ZNRF2.6	0.0060233004650485	DNA methylation	Random Forest	3
CUGBP2.75	0.005119459036176098	DNA methylation	Random Forest	3
feature_58817	0.005063226637028598	DNA methylation	Random Forest	3
RTP1.8	0.004905027174888852	DNA methylation	Random Forest	3
ZHX2.39	0.00428360952841245	DNA methylation	Random Forest	3
PRKAR1B.114	0.004279634618729625	DNA methylation	Random Forest	3
MICALL2.15	0.004272985966254508	DNA methylation	Random Forest	3
feature_396049	0.004264190698762228	DNA methylation	Random Forest	3
LIMA1.17	0.004253388535865388	DNA methylation	Random Forest	3
TPM3;NUP210L	0.0039911332704720285	DNA methylation	Random Forest	3
RASSF1.36	0.003984858368656108	DNA methylation	Random Forest	3
RIMS2.23	0.00393668167860873	DNA methylation	Random Forest	3
SPSB1.7	0.0038926141789786955	DNA methylation	Random Forest	3
GLI3.64	0.0038567229005148553	DNA methylation	Random Forest	3
ATP6AP1.4	0.003849186552635487	DNA methylation	Random Forest	3
TBCD.110	0.003752763252832884	DNA methylation	Random Forest	3
ACSL4.2	0.0036507630033603034	DNA methylation	Random Forest	3
GCET2.6	0.0035656667220000833	DNA methylation	Random Forest	3
HMGB3.14	0.003560965994887324	DNA methylation	Random Forest	3
ITPRIP.20	0.003546430213548005	DNA methylation	Random Forest	3
feature_133349	0.003542930771107156	DNA methylation	Random Forest	3
TP73.88	0.003500223357096397	DNA methylation	Random Forest	3
feature_78823	0.003418315753407042	DNA methylation	Random Forest	3
ITPRIP.13	0.003412440117392349	DNA methylation	Random Forest	3
feature_396053	0.0033264246007731345	DNA methylation	Random Forest	3
feature_62326	0.0032434504834976644	DNA methylation	Random Forest	3
feature_182338	0.0032147561989120197	DNA methylation	Random Forest	3
CUGBP2.39	0.003113836970710467	DNA methylation	Random Forest	3
SPSB1.35	0.003107326329704124	DNA methylation	Random Forest	3
HN1.10	0.0030444848911298046	DNA methylation	Random Forest	3
ANKRD58	0.0029209877642442034	DNA methylation	Random Forest	3
ZHX2	0.00291047213602928	DNA methylation	Random Forest	3
RNMTL1	0.002878311537415404	DNA methylation	Random Forest	3
HOXA3.19	0.002695263256409695	DNA methylation	Random Forest	3
CARD14.14	0.0026786368878182944	DNA methylation	Random Forest	3
feature_396007	0.0025974264505663194	DNA methylation	Random Forest	3
feature_396032	0.0025666802428970293	DNA methylation	Random Forest	3
feature_321104	0.0024810140954678156	DNA methylation	Random Forest	3
feature_23127	0.002426802291147939	DNA methylation	Random Forest	3
ZNF750;TBCD.17	0.0023408373628483977	DNA methylation	Random Forest	3
PTPN14.35	0.002334550481416044	DNA methylation	Random Forest	3
ACAP2	0.0022844507575663854	DNA methylation	Random Forest	3
MBTPS2.5	0.002197433877770771	DNA methylation	Random Forest	3
RUNX2.7	0.0020814683230292144	DNA methylation	Random Forest	3
TPM3.9	0.0020751408510042814	DNA methylation	Random Forest	3
TTC12.8	0.0020540223499707533	DNA methylation	Random Forest	3
TP73.68	0.0020421774307449753	DNA methylation	Random Forest	3
MTMR1.14	0.0020171905599783457	DNA methylation	Random Forest	3
UTRN.13	0.0020082584423640943	DNA methylation	Random Forest	3
CALML3.5	0.00196470286982717	DNA methylation	Random Forest	3
MYLK.1	0.0019201012255184412	DNA methylation	Random Forest	3
ELMO1.12	0.0019115494967749458	DNA methylation	Random Forest	3
feature_396046	0.0019065895934102404	DNA methylation	Random Forest	3
feature_265572	0.0018972513377615951	DNA methylation	Random Forest	3
PDGFA.12	0.001879503070649607	DNA methylation	Random Forest	3
PRICKLE3	0.0018714015299645154	DNA methylation	Random Forest	3
FOXK1.49	0.0017667530920992473	DNA methylation	Random Forest	3
feature_286684	0.0017054320159462918	DNA methylation	Random Forest	3
NPTN.5	0.0017037050223225791	DNA methylation	Random Forest	3
feature_396024	0.0016934316341084775	DNA methylation	Random Forest	3
LAMA5.15	0.0016505958675532481	DNA methylation	Random Forest	3
CHST12.14	0.0016288313048182926	DNA methylation	Random Forest	3
feature_167573	0.0015910014861543666	DNA methylation	Random Forest	3
WHAMM.5	0.0015460293622646024	DNA methylation	Random Forest	3
FOXK1.53	0.0015407694210809733	DNA methylation	Random Forest	3
feature_142090	0.0015175867203176877	DNA methylation	Random Forest	3
ZMYM3;BCYRN1.9	0.0015169734555193362	DNA methylation	Random Forest	3
ST18.16	0.0015102019489527864	DNA methylation	Random Forest	3
ZNF750;TBCD.27	0.0014932357927812862	DNA methylation	Random Forest	3
feature_187008	0.0014791636287807069	DNA methylation	Random Forest	3
G6PD;IKBKG	0.0014588539821012842	DNA methylation	Random Forest	3
NGFRAP1.4	0.001453139702413786	DNA methylation	Random Forest	3
SLC22A20.9	0.0014430294049644417	DNA methylation	Random Forest	3
RIMS2.20	0.0014173869742021227	DNA methylation	Random Forest	3
MIR205HG;MIR205.1	0.001392286773912096	DNA methylation	Random Forest	3
EFNB1.26	0.001386996188728979	DNA methylation	Random Forest	3
TP73.8	0.0013761668873865246	DNA methylation	Random Forest	3
feature_67285	0.0013732419059606015	DNA methylation	Random Forest	3
RNMTL1.7	0.0013535367680649222	DNA methylation	Random Forest	3
DEAF1.18	0.0013500644173874278	DNA methylation	Random Forest	3
MECP2.14	0.001335869317248867	DNA methylation	Random Forest	3
CXXC5.14	0.0013260615953395334	DNA methylation	Random Forest	3
feature_396043	0.0013145209467715824	DNA methylation	Random Forest	3
feature_342753	0.0013118637837660435	DNA methylation	Random Forest	3
C3orf34	0.0013031978094030729	DNA methylation	Random Forest	3
feature_322103	0.001295166071640801	DNA methylation	Random Forest	3
feature_54795	0.0012822753897977937	DNA methylation	Random Forest	3
TP73.57	0.0012788770668351014	DNA methylation	Random Forest	3
RNMTL1.5	0.0012762622142496716	DNA methylation	Random Forest	3
RUNX3.1	0.0012599250292771634	DNA methylation	Random Forest	3
feature_396059	0.0012545098013095391	DNA methylation	Random Forest	3
feature_396056	0.0012439157989061695	DNA methylation	Random Forest	3
feature_396057	0.0012436732703315276	DNA methylation	Random Forest	3
feature_396051	0.0012257635325505774	DNA methylation	Random Forest	3
SYP.8	0.0012223029560936858	DNA methylation	Random Forest	3
MYO10.54	0.0012059638633657786	DNA methylation	Random Forest	3
MIR128-1;R3HDM1	0.0012014331715001778	DNA methylation	Random Forest	3
CNKSR2.1	0.0011936499983441033	DNA methylation	Random Forest	3
MICALL2.15	0.00792211911248078	DNA methylation	Random Forest	4
feature_133349	0.007496754334344399	DNA methylation	Random Forest	4
feature_286684	0.00527949168268807	DNA methylation	Random Forest	4
GLI3.64	0.004701569307541432	DNA methylation	Random Forest	4
MIR205HG.2	0.004586098135234874	DNA methylation	Random Forest	4
feature_396053	0.0043911214961609435	DNA methylation	Random Forest	4
GCET2.3	0.004370707456561079	DNA methylation	Random Forest	4
TPM3;NUP210L	0.004307280833895533	DNA methylation	Random Forest	4
KLF14.5	0.0042561878003233265	DNA methylation	Random Forest	4
GCET2.6	0.004178368342575039	DNA methylation	Random Forest	4
RASSF1.36	0.0040407108759736195	DNA methylation	Random Forest	4
ZNRF2.6	0.003975117629566969	DNA methylation	Random Forest	4
HMGB3.14	0.003922975803364954	DNA methylation	Random Forest	4
CUGBP2.39	0.003880713907548854	DNA methylation	Random Forest	4
SPSB1.7	0.003869575879077336	DNA methylation	Random Forest	4
ZHX2	0.0038013104718606673	DNA methylation	Random Forest	4
RIMS2.23	0.0037999579011896377	DNA methylation	Random Forest	4
EFNB1.26	0.003512664836652686	DNA methylation	Random Forest	4
feature_182338	0.0034858279384568916	DNA methylation	Random Forest	4
RNMTL1.7	0.0034592869252433843	DNA methylation	Random Forest	4
KCNK7.1	0.003425052231587926	DNA methylation	Random Forest	4
ZNF750;TBCD.17	0.0032488499179101947	DNA methylation	Random Forest	4
PRKAR1B.114	0.003225490081083162	DNA methylation	Random Forest	4
NGFRAP1.4	0.00322166843742251	DNA methylation	Random Forest	4
feature_396051	0.0030832566447294347	DNA methylation	Random Forest	4
LIMA1.17	0.0029258889102706316	DNA methylation	Random Forest	4
ITPRIP.13	0.002906332911943777	DNA methylation	Random Forest	4
SLC2A5.7	0.002877391139994849	DNA methylation	Random Forest	4
feature_58817	0.0028517052784235793	DNA methylation	Random Forest	4
SPSB1.35	0.0028482687847521575	DNA methylation	Random Forest	4
CARD14.14	0.0027881379715659653	DNA methylation	Random Forest	4
feature_396049	0.0026696641735733592	DNA methylation	Random Forest	4
feature_67285	0.002648662612009957	DNA methylation	Random Forest	4
RNMTL1	0.002644398908483244	DNA methylation	Random Forest	4
PTPN14.35	0.002620216297530307	DNA methylation	Random Forest	4
CHST7.5	0.0025761145206979856	DNA methylation	Random Forest	4
ITPRIP.20	0.0025115150540429274	DNA methylation	Random Forest	4
RNMTL1.5	0.002497333461146975	DNA methylation	Random Forest	4
TBCD.110	0.0024720401719188594	DNA methylation	Random Forest	4
UTRN.13	0.0024687625143659	DNA methylation	Random Forest	4
TP73.68	0.0024084769580441146	DNA methylation	Random Forest	4
ZNF750;TBCD.27	0.0023913662215445707	DNA methylation	Random Forest	4
ZHX2.39	0.0023897481288385125	DNA methylation	Random Forest	4
DEAF1.18	0.0023656241057648966	DNA methylation	Random Forest	4
MBTPS2.5	0.0023649913724338623	DNA methylation	Random Forest	4
ACSL4.2	0.002353152093344901	DNA methylation	Random Forest	4
HOXA1.11	0.0021794336599069595	DNA methylation	Random Forest	4
feature_23127	0.0021353786209170013	DNA methylation	Random Forest	4
DTNBP1.19	0.0021007271106410416	DNA methylation	Random Forest	4
HOXA3.19	0.002097321711388241	DNA methylation	Random Forest	4
TTC12.8	0.002078061400853792	DNA methylation	Random Forest	4
feature_3997	0.0020269074685758826	DNA methylation	Random Forest	4
feature_187008	0.001937768321140665	DNA methylation	Random Forest	4
TPM3.9	0.001925549868891266	DNA methylation	Random Forest	4
TP73.88	0.0019202365591061846	DNA methylation	Random Forest	4
PRDX4.2	0.001894558959525114	DNA methylation	Random Forest	4
feature_62326	0.0018772065224465081	DNA methylation	Random Forest	4
MYLK.1	0.001872587442959191	DNA methylation	Random Forest	4
feature_342753	0.001872394843993667	DNA methylation	Random Forest	4
feature_322103	0.001864336676688855	DNA methylation	Random Forest	4
PHF8.7	0.0018519526988312733	DNA methylation	Random Forest	4
feature_265572	0.0018420014078955878	DNA methylation	Random Forest	4
FOXK1.49	0.001834110047334769	DNA methylation	Random Forest	4
RIMS2.20	0.0018287215255956897	DNA methylation	Random Forest	4
GNL3L.2	0.0017459746311891578	DNA methylation	Random Forest	4
EFNB1.10	0.0017101004565951926	DNA methylation	Random Forest	4
ZBTB20.57	0.0017085057679203817	DNA methylation	Random Forest	4
feature_312266	0.0016741909820489538	DNA methylation	Random Forest	4
ZMYM3;BCYRN1.9	0.0016663714039633574	DNA methylation	Random Forest	4
PACS2.58	0.001650022318918491	DNA methylation	Random Forest	4
HIST1H2AA;HIST1H2BA.10	0.0016321755812860978	DNA methylation	Random Forest	4
TP73.57	0.0016295697929640837	DNA methylation	Random Forest	4
ATP6AP1.2	0.0016291877129543208	DNA methylation	Random Forest	4
FOXK1.50	0.0016123497113734798	DNA methylation	Random Forest	4
APC.18	0.0015757925905448176	DNA methylation	Random Forest	4
feature_396032	0.001572742854390675	DNA methylation	Random Forest	4
PRICKLE3	0.0015722815859636212	DNA methylation	Random Forest	4
CXorf39.2	0.0015582631516651898	DNA methylation	Random Forest	4
feature_396057	0.0015433692483660438	DNA methylation	Random Forest	4
FOXK1.53	0.0015243957725741227	DNA methylation	Random Forest	4
NDUFA1;RNF113A.5	0.001476961037344925	DNA methylation	Random Forest	4
ACAP2	0.0014658230170782416	DNA methylation	Random Forest	4
ATP6AP1.4	0.0014026706010901312	DNA methylation	Random Forest	4
MOSPD2;FANCB.2	0.001395314834460405	DNA methylation	Random Forest	4
C3orf34	0.0013712357696068313	DNA methylation	Random Forest	4
HDAC4.176	0.0013584367490384972	DNA methylation	Random Forest	4
CHST12.14	0.00135681678684084	DNA methylation	Random Forest	4
WHAMM.5	0.001355059085089347	DNA methylation	Random Forest	4
ANKRD58	0.001352423047900277	DNA methylation	Random Forest	4
feature_396029	0.001347925310601159	DNA methylation	Random Forest	4
EFNB1.19	0.0013451924144227596	DNA methylation	Random Forest	4
RTP1.8	0.001340970250217321	DNA methylation	Random Forest	4
TP63.5	0.0013390894229130784	DNA methylation	Random Forest	4
feature_97956	0.0013083822333182795	DNA methylation	Random Forest	4
TACC1.8	0.0012882125503276597	DNA methylation	Random Forest	4
feature_86220	0.0012805809671280755	DNA methylation	Random Forest	4
LAMA5.15	0.0012492633110011966	DNA methylation	Random Forest	4
RALGAPA2.8	0.0012270689163266344	DNA methylation	Random Forest	4
PAK1.6	0.001217702786649911	DNA methylation	Random Forest	4
ST18.16	0.0012093827259652362	DNA methylation	Random Forest	4
MICALL2.15	0.006519583409452998	DNA methylation	Random Forest	5
feature_133349	0.005818846328436761	DNA methylation	Random Forest	5
GCET2.6	0.005099665594922761	DNA methylation	Random Forest	5
feature_396049	0.00498333571305604	DNA methylation	Random Forest	5
TPM3;NUP210L	0.0048542222958302865	DNA methylation	Random Forest	5
ZHX2	0.004527896065705146	DNA methylation	Random Forest	5
DSC3.13	0.004303291291440267	DNA methylation	Random Forest	5
feature_58817	0.004215342669466239	DNA methylation	Random Forest	5
ZMYM3;BCYRN1.9	0.004138173852025722	DNA methylation	Random Forest	5
feature_67285	0.003755974232953539	DNA methylation	Random Forest	5
CHST7.5	0.0035650289442877825	DNA methylation	Random Forest	5
TP73.68	0.003496530747547915	DNA methylation	Random Forest	5
HN1.10	0.003421962224946004	DNA methylation	Random Forest	5
UTRN.13	0.0034130994586632486	DNA methylation	Random Forest	5
RIMS2.23	0.0032985318611721617	DNA methylation	Random Forest	5
feature_182338	0.003101730085931553	DNA methylation	Random Forest	5
MBTPS2.5	0.003100897441574232	DNA methylation	Random Forest	5
RNMTL1.7	0.003062360345034315	DNA methylation	Random Forest	5
ATP6AP1.4	0.0030528323469137426	DNA methylation	Random Forest	5
feature_396033	0.002948728256715178	DNA methylation	Random Forest	5
GLI3.64	0.002899352556399436	DNA methylation	Random Forest	5
TPM3.9	0.002764645876615154	DNA methylation	Random Forest	5
feature_265572	0.0027593604979713293	DNA methylation	Random Forest	5
CUGBP2.75	0.002740779820957638	DNA methylation	Random Forest	5
feature_282548	0.0027277340999282713	DNA methylation	Random Forest	5
ELMO1.12	0.002718511999912015	DNA methylation	Random Forest	5
feature_396057	0.0027077962261491282	DNA methylation	Random Forest	5
ITPRIP.20	0.002647204507461936	DNA methylation	Random Forest	5
PAK1.6	0.0026414553952577463	DNA methylation	Random Forest	5
MECP2.14	0.0026405410698341694	DNA methylation	Random Forest	5
ZNRF2.6	0.0025892854161338164	DNA methylation	Random Forest	5
SLC2A5.7	0.002543269678007163	DNA methylation	Random Forest	5
FOXK1.53	0.0025125254174226345	DNA methylation	Random Forest	5
PRKAR1B.114	0.002412473444867634	DNA methylation	Random Forest	5
CARD14.14	0.0023531682948508565	DNA methylation	Random Forest	5
PHF8.7	0.0023467698002863657	DNA methylation	Random Forest	5
ITPRIP.13	0.0023450099247926044	DNA methylation	Random Forest	5
LIMA1.17	0.0023211808223736934	DNA methylation	Random Forest	5
feature_167573	0.0023012392226442885	DNA methylation	Random Forest	5
RIMS2.20	0.0022841432803474204	DNA methylation	Random Forest	5
feature_396032	0.0022276126818382897	DNA methylation	Random Forest	5
ZHX2.39	0.002214263136152814	DNA methylation	Random Forest	5
feature_396053	0.0022050452570171147	DNA methylation	Random Forest	5
CHST12.14	0.0021721524469934606	DNA methylation	Random Forest	5
feature_342753	0.0021695015532292167	DNA methylation	Random Forest	5
PRDX4.2	0.0021427369377649908	DNA methylation	Random Forest	5
feature_4000	0.002135491912002042	DNA methylation	Random Forest	5
EFNB1.26	0.002125587896321883	DNA methylation	Random Forest	5
feature_286684	0.002094947289125415	DNA methylation	Random Forest	5
ZNF750;TBCD.17	0.002052495903423808	DNA methylation	Random Forest	5
feature_396051	0.0020501325985093307	DNA methylation	Random Forest	5
feature_322103	0.0020275723412427017	DNA methylation	Random Forest	5
SPSB1.35	0.0020215972964310763	DNA methylation	Random Forest	5
KLF14.5	0.0020173442115458996	DNA methylation	Random Forest	5
TBCD.110	0.0020091012321239335	DNA methylation	Random Forest	5
MYLK.1	0.0020056397250886927	DNA methylation	Random Forest	5
NGFRAP1.4	0.001980849270255702	DNA methylation	Random Forest	5
ACSL4.2	0.00195545603522182	DNA methylation	Random Forest	5
ACAP2	0.001940618416433768	DNA methylation	Random Forest	5
TP73.88	0.0018602946779970515	DNA methylation	Random Forest	5
feature_54795	0.001854893892334417	DNA methylation	Random Forest	5
EBF1.13	0.0018108860170168415	DNA methylation	Random Forest	5
feature_62326	0.0017981076629197948	DNA methylation	Random Forest	5
FOXK1.50	0.001792451270525201	DNA methylation	Random Forest	5
feature_23127	0.0017899517428429618	DNA methylation	Random Forest	5
SLC22A20.9	0.001775627424224819	DNA methylation	Random Forest	5
EFNB1.19	0.0017698595523444344	DNA methylation	Random Forest	5
HMGB3.14	0.0017612536177865517	DNA methylation	Random Forest	5
ACSL4.1	0.0016808017089539446	DNA methylation	Random Forest	5
WHAMM.5	0.0016694931743846514	DNA methylation	Random Forest	5
ZNF750;TBCD.27	0.0016489432521984775	DNA methylation	Random Forest	5
feature_396007	0.001623287006315711	DNA methylation	Random Forest	5
TTC12.8	0.0016137871239936667	DNA methylation	Random Forest	5
feature_396013	0.0015933395310789176	DNA methylation	Random Forest	5
DTNBP1.19	0.0015767868897905298	DNA methylation	Random Forest	5
LAMA5.15	0.0015736661195517334	DNA methylation	Random Forest	5
CUGBP2.39	0.0015485720550571596	DNA methylation	Random Forest	5
FOXK1.49	0.0015373666897871962	DNA methylation	Random Forest	5
KCNK7.1	0.001513740061194107	DNA methylation	Random Forest	5
PRDM16.62	0.0015108605203889118	DNA methylation	Random Forest	5
feature_252930	0.0014579012277486103	DNA methylation	Random Forest	5
RAB40C.27	0.0014386900153391061	DNA methylation	Random Forest	5
GRASP	0.001429753515877415	DNA methylation	Random Forest	5
feature_341133	0.0014234550468959588	DNA methylation	Random Forest	5
RTP1.8	0.001421840680855475	DNA methylation	Random Forest	5
ZNF323.2	0.00141364149090667	DNA methylation	Random Forest	5
RUNX3.1	0.0013843338120021014	DNA methylation	Random Forest	5
feature_187008	0.001372589877073881	DNA methylation	Random Forest	5
HOXA3.19	0.0013544298367389796	DNA methylation	Random Forest	5
feature_396029	0.0013279716701542733	DNA methylation	Random Forest	5
DEAF1.18	0.001308779981052452	DNA methylation	Random Forest	5
RCN3.8	0.0013054673567073247	DNA methylation	Random Forest	5
NLGN4Y.13	0.0012937825181345156	DNA methylation	Random Forest	5
MIR205HG.2	0.0012836476762928641	DNA methylation	Random Forest	5
GNL3L	0.0012700908592902136	DNA methylation	Random Forest	5
AMMECR1.4	0.001268190077030668	DNA methylation	Random Forest	5
feature_390353	0.0012676654613256466	DNA methylation	Random Forest	5
KCTD1.10	0.0012601473187549013	DNA methylation	Random Forest	5
MIR128-1;R3HDM1	0.001258434364456407	DNA methylation	Random Forest	5
NUP210L.3	0.0012342838574648434	DNA methylation	Random Forest	5
TFRC|TFRC	0.02666654173285577	RPPA	Random Forest	1
PIK3CA |PI3K-p110-alpha	0.02067738788289268	RPPA	Random Forest	1
ERBB2|HER2	0.015063700189776492	RPPA	Random Forest	1
NDRG1|NDRG1_pT346	0.01291604881125741	RPPA	Random Forest	1
MAPK9|JNK2	0.009747720227040492	RPPA	Random Forest	1
ERBB3|HER3	0.009107593779765735	RPPA	Random Forest	1
NOTCH1|Notch1	0.008069315639756026	RPPA	Random Forest	1
IGFBP2|IGFBP2	0.007564880636057091	RPPA	Random Forest	1
GSK3A GSK3B|GSK3-alpha-beta	0.0071529815069845595	RPPA	Random Forest	1
ERRFI1|MIG-6	0.006902704163354697	RPPA	Random Forest	1
PRKCB|PKC-pan_BetaII_pS660	0.005913179059563131	RPPA	Random Forest	1
KIT|c-Kit	0.005356237253596898	RPPA	Random Forest	1
PRKCA |PKC-alpha_pS657	0.004677284565775995	RPPA	Random Forest	1
AKT1 AKT2 AKT3|Akt_pT308	0.00459084550127403	RPPA	Random Forest	1
FOXM1|FoxM1	0.0044411301665787176	RPPA	Random Forest	1
BCL2L1|Bcl-xL	0.004323988931098235	RPPA	Random Forest	1
NF2|NF2	0.004070299299971781	RPPA	Random Forest	1
GAB2|GAB2	0.003858798286827664	RPPA	Random Forest	1
EIF4EBP1|4E-BP1	0.0034021334455315738	RPPA	Random Forest	1
INPP4B|INPP4B	0.003159208632320178	RPPA	Random Forest	1
PCNA|PCNA	0.0027448493769809098	RPPA	Random Forest	1
ITGA2|CD49b	0.002375217826411414	RPPA	Random Forest	1
ANXA1|Annexin-1	0.0021618049675197976	RPPA	Random Forest	1
SERPINE1|PAI-1	0.0021567824751932705	RPPA	Random Forest	1
MYH9|Myosin-IIa-pS1943	0.002089931130651604	RPPA	Random Forest	1
CLDN7|Claudin-7	0.0020306310255808267	RPPA	Random Forest	1
NRG1|Heregulin	0.0019592542485117174	RPPA	Random Forest	1
TP53|p53	0.0018556331274346318	RPPA	Random Forest	1
RAB25|Rab25	0.0018548677203405306	RPPA	Random Forest	1
GAPDH|GAPDH	0.0016739153199894932	RPPA	Random Forest	1
CCNB1|Cyclin_B1	0.001650300890804774	RPPA	Random Forest	1
MTOR|mTOR_pS2448	0.0016458164771726352	RPPA	Random Forest	1
DVL3|Dvl3	0.001588593610447155	RPPA	Random Forest	1
PRKCA |PKC-alpha	0.0015803182083105613	RPPA	Random Forest	1
PIK3R1 PIK3R2|PI3K-p85	0.0015415684292372602	RPPA	Random Forest	1
STAT3|STAT3_pY705	0.0015162778891094392	RPPA	Random Forest	1
MSH6|MSH6	0.001311990220716355	RPPA	Random Forest	1
ASNS|ASNS	0.001240994483662428	RPPA	Random Forest	1
EGFR|EGFR	0.0012142795457649692	RPPA	Random Forest	1
PARK7|DJ-1	0.0011491693219809731	RPPA	Random Forest	1
TUBA1B|Acetyl-a-Tubulin-Lys40	0.0011232084870411445	RPPA	Random Forest	1
ACVRL1|ACVRL1	0.0010608671740476281	RPPA	Random Forest	1
AKT1 AKT2 AKT3|Akt_pS473	9.761896606321507e-4	RPPA	Random Forest	1
RPS6KA1|p90RSK	9.476935723347482e-4	RPPA	Random Forest	1
EEF2|eEF2	8.638330716925569e-4	RPPA	Random Forest	1
TSC2|Tuberin	8.1310609013783e-4	RPPA	Random Forest	1
DIABLO|Smac	7.638971283018656e-4	RPPA	Random Forest	1
MAPK8|JNK_pT183_Y185	7.411768652368274e-4	RPPA	Random Forest	1
YWHAZ|14-3-3_zeta	7.408152589775782e-4	RPPA	Random Forest	1
MS4A1|CD20	7.134899864674493e-4	RPPA	Random Forest	1
CASP7|Caspase-7_cleavedD198	7.119618459318495e-4	RPPA	Random Forest	1
EIF4G1|eIF4G	7.109547661565003e-4	RPPA	Random Forest	1
TSC2|Tuberin_pT1462	7.025196976309323e-4	RPPA	Random Forest	1
MAP2K1|MEK1_pS217_S221	6.969074084212585e-4	RPPA	Random Forest	1
EIF4EBP1|4E-BP1_pT70	6.918133258387173e-4	RPPA	Random Forest	1
PRKAA1|AMPK_pT172	6.908114985093424e-4	RPPA	Random Forest	1
BCL2L11|Bim	6.74510643434032e-4	RPPA	Random Forest	1
PDK1|PDK1_pS241	6.739402956575346e-4	RPPA	Random Forest	1
CCNE2|Cyclin_E2	6.634053746501731e-4	RPPA	Random Forest	1
PRKCD|PKC-delta_pS664	6.61671545359154e-4	RPPA	Random Forest	1
BCL2|Bcl-2	6.368135756424867e-4	RPPA	Random Forest	1
EIF4EBP1|4E-BP1_pT37T46	6.322365656967002e-4	RPPA	Random Forest	1
XRCC1|XRCC1	5.991892710683857e-4	RPPA	Random Forest	1
LCK|Lck	5.848826903185577e-4	RPPA	Random Forest	1
GSK3A GSK3B|GSK3_pS9	5.791034198728342e-4	RPPA	Random Forest	1
GATA3|GATA3	5.757900964930662e-4	RPPA	Random Forest	1
XBP1|XBP1	5.665338805460272e-4	RPPA	Random Forest	1
MSH2|MSH2	5.612772700531581e-4	RPPA	Random Forest	1
CCNE1|Cyclin_E1	5.593584602723523e-4	RPPA	Random Forest	1
PTEN|PTEN	5.526442186395441e-4	RPPA	Random Forest	1
YAP1|YAP_pS127	5.495905869886719e-4	RPPA	Random Forest	1
VHL|VHL	5.370387754269744e-4	RPPA	Random Forest	1
CHEK2|Chk2	5.336491608315785e-4	RPPA	Random Forest	1
BRAF|B-Raf	5.279599091064055e-4	RPPA	Random Forest	1
BECN1|Beclin	5.272253661908486e-4	RPPA	Random Forest	1
TIGAR|TIGAR	5.20233978035395e-4	RPPA	Random Forest	1
CDH1|E-Cadherin	5.158889230833292e-4	RPPA	Random Forest	1
RPS6KA1|p90RSK_pT359_S363	5.080624894858643e-4	RPPA	Random Forest	1
YBX1|YB-1_pS102	4.996353896299366e-4	RPPA	Random Forest	1
YBX1|YB-1	4.945723767435229e-4	RPPA	Random Forest	1
EGFR|EGFR_pY1068	4.605818063623197e-4	RPPA	Random Forest	1
EIF4EBP1|4E-BP1_pS65	4.529457977555462e-4	RPPA	Random Forest	1
TSC1|TSC1	4.4379933098616766e-4	RPPA	Random Forest	1
PGR|PR	4.372692049212623e-4	RPPA	Random Forest	1
MTOR|mTOR	4.2992334872909944e-4	RPPA	Random Forest	1
CAV1|Caveolin-1	4.122632815101503e-4	RPPA	Random Forest	1
ERBB2|HER2_pY1248	4.101420443080903e-4	RPPA	Random Forest	1
CDKN1B|p27_pT157	4.0800245762555743e-4	RPPA	Random Forest	1
RAD50|Rad50	3.9122835621673935e-4	RPPA	Random Forest	1
SMAD1|Smad1	3.8260690069159885e-4	RPPA	Random Forest	1
PEA15|PEA15_pS116	3.8224649896943054e-4	RPPA	Random Forest	1
CDK1|CDK1	3.8138079435390027e-4	RPPA	Random Forest	1
NFKB1|NF-kB-p65_pS536	3.799105119986454e-4	RPPA	Random Forest	1
BAD|Bad_pS112	3.780409399963929e-4	RPPA	Random Forest	1
AKT1S1|PRAS40_pT246	3.763851764657598e-4	RPPA	Random Forest	1
CDH3|P-Cadherin	3.709258874157539e-4	RPPA	Random Forest	1
FASN|FASN	3.6638091919853453e-4	RPPA	Random Forest	1
SMAD4|Smad4	3.560354822256677e-4	RPPA	Random Forest	1
ESR1|ER-alpha	3.4806204484587577e-4	RPPA	Random Forest	1
TGM2|Transglutaminase	3.431605348734508e-4	RPPA	Random Forest	1
TFRC|TFRC	0.024966771007731446	RPPA	Random Forest	2
PIK3CA |PI3K-p110-alpha	0.019676917832595293	RPPA	Random Forest	2
ERBB2|HER2	0.019359338559442225	RPPA	Random Forest	2
NOTCH1|Notch1	0.013630252514854281	RPPA	Random Forest	2
NDRG1|NDRG1_pT346	0.010573064372025626	RPPA	Random Forest	2
GSK3A GSK3B|GSK3-alpha-beta	0.008847089474084666	RPPA	Random Forest	2
ERBB3|HER3	0.008296313583881911	RPPA	Random Forest	2
PRKCB|PKC-pan_BetaII_pS660	0.006661746066639945	RPPA	Random Forest	2
IGFBP2|IGFBP2	0.006166732362374005	RPPA	Random Forest	2
AKT1 AKT2 AKT3|Akt_pT308	0.005172743126869146	RPPA	Random Forest	2
GAB2|GAB2	0.00439727061576688	RPPA	Random Forest	2
MAPK9|JNK2	0.004225384602802697	RPPA	Random Forest	2
ERRFI1|MIG-6	0.0037135391565718263	RPPA	Random Forest	2
KIT|c-Kit	0.003629356337378179	RPPA	Random Forest	2
GAPDH|GAPDH	0.0035677034451052298	RPPA	Random Forest	2
FOXM1|FoxM1	0.0032918537799078366	RPPA	Random Forest	2
ITGA2|CD49b	0.003268879932858631	RPPA	Random Forest	2
PRKCA |PKC-alpha_pS657	0.003107300919035189	RPPA	Random Forest	2
BCL2L1|Bcl-xL	0.0027283013902433028	RPPA	Random Forest	2
INPP4B|INPP4B	0.002610386924210915	RPPA	Random Forest	2
SERPINE1|PAI-1	0.0025526078586979237	RPPA	Random Forest	2
CLDN7|Claudin-7	0.0025454057717296443	RPPA	Random Forest	2
PCNA|PCNA	0.0024866311317960424	RPPA	Random Forest	2
RAB25|Rab25	0.0023901652692271415	RPPA	Random Forest	2
PIK3R1 PIK3R2|PI3K-p85	0.002171610074795956	RPPA	Random Forest	2
ANXA1|Annexin-1	0.00211746226620751	RPPA	Random Forest	2
PRKCA |PKC-alpha	0.0020640942376562287	RPPA	Random Forest	2
NRG1|Heregulin	0.002048855415390872	RPPA	Random Forest	2
EIF4EBP1|4E-BP1	0.0019438410467310094	RPPA	Random Forest	2
NF2|NF2	0.0019130036937902353	RPPA	Random Forest	2
DVL3|Dvl3	0.0016305735517685228	RPPA	Random Forest	2
ASNS|ASNS	0.00158194311108947	RPPA	Random Forest	2
STK11|LKB1	0.0015805275200155228	RPPA	Random Forest	2
TP53|p53	0.0015612423414272628	RPPA	Random Forest	2
MYH9|Myosin-IIa-pS1943	0.0015274841600374817	RPPA	Random Forest	2
BAD|Bad_pS112	0.0013929929709348922	RPPA	Random Forest	2
PRKAA1|AMPK_alpha	0.0012395642213257985	RPPA	Random Forest	2
AKT1 AKT2 AKT3|Akt_pS473	0.001229644973336562	RPPA	Random Forest	2
TSC2|Tuberin_pT1462	0.0011803348853110076	RPPA	Random Forest	2
CHEK2|Chk2_pT68	0.001126831916972779	RPPA	Random Forest	2
PRKCD|PKC-delta_pS664	0.0011036980557476133	RPPA	Random Forest	2
EGFR|EGFR	0.001096475179601353	RPPA	Random Forest	2
BECN1|Beclin	0.0010477845583732274	RPPA	Random Forest	2
LCK|Lck	9.997362163566743e-4	RPPA	Random Forest	2
SMAD4|Smad4	9.992972471205615e-4	RPPA	Random Forest	2
BCL2L11|Bim	9.909375015016886e-4	RPPA	Random Forest	2
EEF2|eEF2	9.583521780513577e-4	RPPA	Random Forest	2
ERBB2|HER2_pY1248	9.025784428072241e-4	RPPA	Random Forest	2
YAP1|YAP_pS127	8.896474236411278e-4	RPPA	Random Forest	2
MSH2|MSH2	8.822309245523102e-4	RPPA	Random Forest	2
EIF4EBP1|4E-BP1_pT37T46	8.205278488393231e-4	RPPA	Random Forest	2
MSH6|MSH6	8.024959409881648e-4	RPPA	Random Forest	2
XRCC1|XRCC1	7.746418119480775e-4	RPPA	Random Forest	2
PGR|PR	7.517603068117187e-4	RPPA	Random Forest	2
CCNE2|Cyclin_E2	7.420046511373424e-4	RPPA	Random Forest	2
PDK1|PDK1	7.388088787818887e-4	RPPA	Random Forest	2
MS4A1|CD20	7.231444588724898e-4	RPPA	Random Forest	2
RPS6|S6_pS235_S236	7.067677290027365e-4	RPPA	Random Forest	2
YWHAZ|14-3-3_zeta	6.920960377539827e-4	RPPA	Random Forest	2
RPS6KA1|p90RSK	6.700178146231994e-4	RPPA	Random Forest	2
RAD51|Rad51	6.416787560859141e-4	RPPA	Random Forest	2
TSC2|Tuberin	6.388156212882876e-4	RPPA	Random Forest	2
CHEK2|Chk2	5.929331363124004e-4	RPPA	Random Forest	2
EIF4G1|eIF4G	5.761061977266342e-4	RPPA	Random Forest	2
PDK1|PDK1_pS241	5.75531178789773e-4	RPPA	Random Forest	2
TUBA1B|Acetyl-a-Tubulin-Lys40	5.624619761672809e-4	RPPA	Random Forest	2
GSK3A GSK3B|GSK3_pS9	5.607790065462497e-4	RPPA	Random Forest	2
YBX1|YB-1_pS102	5.48782719790214e-4	RPPA	Random Forest	2
SMAD3|Smad3	5.390841407174829e-4	RPPA	Random Forest	2
YBX1|YB-1	5.199313837369324e-4	RPPA	Random Forest	2
ACVRL1|ACVRL1	5.182594707035594e-4	RPPA	Random Forest	2
PECAM1|CD31	5.159851331360234e-4	RPPA	Random Forest	2
VHL|VHL	5.131225448840715e-4	RPPA	Random Forest	2
CDK1|CDK1	5.124285230083525e-4	RPPA	Random Forest	2
PDCD4|PDCD4	5.065842723884606e-4	RPPA	Random Forest	2
STAT3|STAT3_pY705	5.015635790493187e-4	RPPA	Random Forest	2
CDKN1B|p27_pT198	4.80116514684231e-4	RPPA	Random Forest	2
BAK1|Bak	0.00045515359023974767	RPPA	Random Forest	2
FASN|FASN	4.497769850812672e-4	RPPA	Random Forest	2
SMAD1|Smad1	4.364415583330379e-4	RPPA	Random Forest	2
MTOR|mTOR_pS2448	4.3556735151368864e-4	RPPA	Random Forest	2
CDH3|P-Cadherin	4.3553127179564276e-4	RPPA	Random Forest	2
DIABLO|Smac	4.244975583433737e-4	RPPA	Random Forest	2
TGM2|Transglutaminase	4.216279807337051e-4	RPPA	Random Forest	2
EIF4EBP1|4E-BP1_pT70	4.124649326073659e-4	RPPA	Random Forest	2
MAPK8|JNK_pT183_Y185	4.0884576107384405e-4	RPPA	Random Forest	2
MAP2K1|MEK1_pS217_S221	4.0468431787078085e-4	RPPA	Random Forest	2
RB1|Rb_pS807_S811	3.846477982790144e-4	RPPA	Random Forest	2
ERCC1|ERCC1	3.7621636289726255e-4	RPPA	Random Forest	2
BID|Bid	3.6874208498575013e-4	RPPA	Random Forest	2
NFKB1|NF-kB-p65_pS536	3.677973450340455e-4	RPPA	Random Forest	2
EIF4EBP1|4E-BP1_pS65	3.642733096261215e-4	RPPA	Random Forest	2
CDH2|N-Cadherin	3.601818674197765e-4	RPPA	Random Forest	2
STAT5A|STAT5-alpha	3.543434067248521e-4	RPPA	Random Forest	2
RICTOR|Rictor	3.419214530466983e-4	RPPA	Random Forest	2
XRCC5|Ku80	3.415450917464096e-4	RPPA	Random Forest	2
MYH11|MYH11	3.3927687598367796e-4	RPPA	Random Forest	2
CDKN1B|p27_pT157	3.3453266835909654e-4	RPPA	Random Forest	2
PARK7|DJ-1	3.3038421155835083e-4	RPPA	Random Forest	2
TSC1|TSC1	3.279120460720988e-4	RPPA	Random Forest	2
TFRC|TFRC	0.03228440165157952	RPPA	Random Forest	3
PIK3CA |PI3K-p110-alpha	0.02070030021591198	RPPA	Random Forest	3
ERBB2|HER2	0.01373448194616396	RPPA	Random Forest	3
NOTCH1|Notch1	0.011927506756436263	RPPA	Random Forest	3
NDRG1|NDRG1_pT346	0.011924427950057064	RPPA	Random Forest	3
GSK3A GSK3B|GSK3-alpha-beta	0.01190151735745392	RPPA	Random Forest	3
GAB2|GAB2	0.007609233330897258	RPPA	Random Forest	3
PRKCB|PKC-pan_BetaII_pS660	0.006011495839481642	RPPA	Random Forest	3
FOXM1|FoxM1	0.00560710988132128	RPPA	Random Forest	3
ERBB3|HER3	0.005177115589592971	RPPA	Random Forest	3
MAPK9|JNK2	0.004928152477861083	RPPA	Random Forest	3
KIT|c-Kit	0.004859704271989758	RPPA	Random Forest	3
ERRFI1|MIG-6	0.004627520417927773	RPPA	Random Forest	3
INPP4B|INPP4B	0.00416538364029687	RPPA	Random Forest	3
AKT1 AKT2 AKT3|Akt_pT308	0.003709773393421421	RPPA	Random Forest	3
PRKCA |PKC-alpha_pS657	0.0035685328374133896	RPPA	Random Forest	3
NF2|NF2	0.0034758746771014815	RPPA	Random Forest	3
SERPINE1|PAI-1	0.003098555946970932	RPPA	Random Forest	3
IGFBP2|IGFBP2	0.0029181549841876147	RPPA	Random Forest	3
GAPDH|GAPDH	0.0027439174373209145	RPPA	Random Forest	3
BECN1|Beclin	0.0026098642754336077	RPPA	Random Forest	3
ITGA2|CD49b	0.002586157828263577	RPPA	Random Forest	3
PCNA|PCNA	0.0025361648813082304	RPPA	Random Forest	3
CLDN7|Claudin-7	0.0024674083897524035	RPPA	Random Forest	3
DVL3|Dvl3	0.0022747620305902886	RPPA	Random Forest	3
BCL2L1|Bcl-xL	0.002177908890509676	RPPA	Random Forest	3
EIF4EBP1|4E-BP1	0.002011262586438148	RPPA	Random Forest	3
XBP1|XBP1	0.0019392698164489794	RPPA	Random Forest	3
MTOR|mTOR_pS2448	0.0019276756586066347	RPPA	Random Forest	3
NRG1|Heregulin	0.001921846638195934	RPPA	Random Forest	3
RAB25|Rab25	0.0019046956657245778	RPPA	Random Forest	3
PRKCA |PKC-alpha	0.0018120972721225685	RPPA	Random Forest	3
ASNS|ASNS	0.0016194536932202651	RPPA	Random Forest	3
ANXA1|Annexin-1	0.0016100092915736787	RPPA	Random Forest	3
AKT1 AKT2 AKT3|Akt_pS473	0.0015104894632860706	RPPA	Random Forest	3
MSH6|MSH6	0.0013664235272007627	RPPA	Random Forest	3
PDK1|PDK1_pS241	0.0013125126826791496	RPPA	Random Forest	3
PIK3R1 PIK3R2|PI3K-p85	0.0012895899034622437	RPPA	Random Forest	3
CASP7|Caspase-7_cleavedD198	0.0012495357479698564	RPPA	Random Forest	3
EIF4G1|eIF4G	0.0012329910391951973	RPPA	Random Forest	3
MYH9|Myosin-IIa-pS1943	0.0012287419636428992	RPPA	Random Forest	3
PRKAA1|AMPK_alpha	0.001210380963544076	RPPA	Random Forest	3
BAD|Bad_pS112	0.0012044101485934968	RPPA	Random Forest	3
EGFR|EGFR	0.001200848342878305	RPPA	Random Forest	3
CCNB1|Cyclin_B1	0.0011830964988186385	RPPA	Random Forest	3
EEF2|eEF2	0.0011477986319882157	RPPA	Random Forest	3
TSC2|Tuberin_pT1462	0.0010790427849579295	RPPA	Random Forest	3
YAP1|YAP_pS127	0.0010785981991026687	RPPA	Random Forest	3
RPS6KA1|p90RSK	0.0010456519891650284	RPPA	Random Forest	3
TUBA1B|Acetyl-a-Tubulin-Lys40	9.875952994704707e-4	RPPA	Random Forest	3
PRKCD|PKC-delta_pS664	9.460995063749669e-4	RPPA	Random Forest	3
CDKN1B|p27_pT157	9.096690748096478e-4	RPPA	Random Forest	3
MAP2K1|MEK1_pS217_S221	9.043010499655193e-4	RPPA	Random Forest	3
GSK3A GSK3B|GSK3_pS9	8.888823674187645e-4	RPPA	Random Forest	3
MS4A1|CD20	8.878906594567235e-4	RPPA	Random Forest	3
GATA3|GATA3	8.116711654000817e-4	RPPA	Random Forest	3
CDH3|P-Cadherin	8.045889337459506e-4	RPPA	Random Forest	3
STK11|LKB1	7.864665341055063e-4	RPPA	Random Forest	3
PARK7|DJ-1	7.793208877188551e-4	RPPA	Random Forest	3
YWHAZ|14-3-3_zeta	7.68608714034368e-4	RPPA	Random Forest	3
BCL2L11|Bim	7.51509892874521e-4	RPPA	Random Forest	3
PRKAA1|AMPK_pT172	7.479423608279907e-4	RPPA	Random Forest	3
MSH2|MSH2	7.373149732094108e-4	RPPA	Random Forest	3
CHEK2|Chk2_pT68	6.904483767633425e-4	RPPA	Random Forest	3
CDKN1B|p27_pT198	6.880215075254594e-4	RPPA	Random Forest	3
PECAM1|CD31	6.444191601736985e-4	RPPA	Random Forest	3
YWHAE|14-3-3_epsilon	6.40599458898254e-4	RPPA	Random Forest	3
XRCC1|XRCC1	6.096146447990785e-4	RPPA	Random Forest	3
PDK1|PDK1	6.015559911760539e-4	RPPA	Random Forest	3
ETS1|ETS-1	5.835291387095716e-4	RPPA	Random Forest	3
ACVRL1|ACVRL1	5.81580670066392e-4	RPPA	Random Forest	3
PDCD4|PDCD4	5.690594745065732e-4	RPPA	Random Forest	3
VHL|VHL	5.618296475546792e-4	RPPA	Random Forest	3
AR|AR	5.345987032846082e-4	RPPA	Random Forest	3
CDH1|E-Cadherin	5.32916633558763e-4	RPPA	Random Forest	3
RPS6|S6_pS235_S236	5.274234504031195e-4	RPPA	Random Forest	3
TSC2|Tuberin	5.215474860590885e-4	RPPA	Random Forest	3
SMAD4|Smad4	4.8332701712479873e-4	RPPA	Random Forest	3
MAPK1 MAPK3|MAPK_pT202_Y204	4.8100795784338434e-4	RPPA	Random Forest	3
RB1|Rb_pS807_S811	4.4849273207722316e-4	RPPA	Random Forest	3
EIF4EBP1|4E-BP1_pT70	4.347100951129603e-4	RPPA	Random Forest	3
XRCC5|Ku80	4.054394398438699e-4	RPPA	Random Forest	3
MAPK8|JNK_pT183_Y185	4.046471102778042e-4	RPPA	Random Forest	3
PREX1|PREX1	3.8736707289925196e-4	RPPA	Random Forest	3
CTNNB1|beta-Catenin	3.8378568424860026e-4	RPPA	Random Forest	3
SRC|Src	3.8049470519099126e-4	RPPA	Random Forest	3
PGR|PR	3.7819847899663126e-4	RPPA	Random Forest	3
TP53|p53	3.7723228574802325e-4	RPPA	Random Forest	3
ACACA ACACB|ACC_pS79	3.7491687154055266e-4	RPPA	Random Forest	3
ESR1|ER-alpha_pS118	3.6363257547893937e-4	RPPA	Random Forest	3
DIABLO|Smac	3.636118039758578e-4	RPPA	Random Forest	3
YBX1|YB-1_pS102	3.585261315168855e-4	RPPA	Random Forest	3
PTEN|PTEN	3.5823110901460575e-4	RPPA	Random Forest	3
SMAD3|Smad3	3.5346163202696257e-4	RPPA	Random Forest	3
YAP1|YAP	3.5176410265301317e-4	RPPA	Random Forest	3
BRAF|B-Raf	3.4605127007832423e-4	RPPA	Random Forest	3
RAF1|C-Raf_pS338	3.4050916657744624e-4	RPPA	Random Forest	3
SRC|Src_pY416	3.335020673641922e-4	RPPA	Random Forest	3
STAT3|STAT3_pY705	3.2873237062308445e-4	RPPA	Random Forest	3
CCNE2|Cyclin_E2	3.275352934417273e-4	RPPA	Random Forest	3
TFRC|TFRC	0.026108105908976716	RPPA	Random Forest	4
PIK3CA |PI3K-p110-alpha	0.01514129956429193	RPPA	Random Forest	4
ERBB2|HER2	0.013778080606688777	RPPA	Random Forest	4
NDRG1|NDRG1_pT346	0.011663964146940388	RPPA	Random Forest	4
NOTCH1|Notch1	0.00984808819928694	RPPA	Random Forest	4
MAPK9|JNK2	0.008700535897004435	RPPA	Random Forest	4
ERRFI1|MIG-6	0.007038188030104916	RPPA	Random Forest	4
ERBB3|HER3	0.006876542220401341	RPPA	Random Forest	4
PRKCA |PKC-alpha_pS657	0.00636595209091137	RPPA	Random Forest	4
PRKCB|PKC-pan_BetaII_pS660	0.006349794655926491	RPPA	Random Forest	4
GSK3A GSK3B|GSK3-alpha-beta	0.005185395456920886	RPPA	Random Forest	4
AKT1 AKT2 AKT3|Akt_pT308	0.004967903209210897	RPPA	Random Forest	4
KIT|c-Kit	0.00449615321560699	RPPA	Random Forest	4
GAB2|GAB2	0.004367975399946614	RPPA	Random Forest	4
FOXM1|FoxM1	0.00425243715969599	RPPA	Random Forest	4
SERPINE1|PAI-1	0.00417765233324131	RPPA	Random Forest	4
NRG1|Heregulin	0.0034245076507030854	RPPA	Random Forest	4
ITGA2|CD49b	0.0033404214388158913	RPPA	Random Forest	4
IGFBP2|IGFBP2	0.002847468015616754	RPPA	Random Forest	4
NF2|NF2	0.0028301575380352915	RPPA	Random Forest	4
INPP4B|INPP4B	0.0028104792362860613	RPPA	Random Forest	4
BCL2L1|Bcl-xL	0.002569773356807195	RPPA	Random Forest	4
CLDN7|Claudin-7	0.0025601013543803397	RPPA	Random Forest	4
PCNA|PCNA	0.002263716703735843	RPPA	Random Forest	4
ASNS|ASNS	0.002100073434430917	RPPA	Random Forest	4
PRKCA |PKC-alpha	0.002069439410219693	RPPA	Random Forest	4
EIF4EBP1|4E-BP1	0.0020023016839485733	RPPA	Random Forest	4
BECN1|Beclin	0.0019530457253894011	RPPA	Random Forest	4
DVL3|Dvl3	0.0017985890568036301	RPPA	Random Forest	4
EGFR|EGFR	0.0017278678806883349	RPPA	Random Forest	4
TSC2|Tuberin	0.0017060052173994578	RPPA	Random Forest	4
PIK3R1 PIK3R2|PI3K-p85	0.0016030971134615524	RPPA	Random Forest	4
MSH6|MSH6	0.0015582019515496073	RPPA	Random Forest	4
ANXA1|Annexin-1	0.0015045177408932724	RPPA	Random Forest	4
XBP1|XBP1	0.0015030427904444566	RPPA	Random Forest	4
CCNB1|Cyclin_B1	0.0014387021735153922	RPPA	Random Forest	4
CHEK2|Chk2_pT68	0.0013496839048155792	RPPA	Random Forest	4
MTOR|mTOR_pS2448	0.001294304401079491	RPPA	Random Forest	4
GAPDH|GAPDH	0.0012824511229654364	RPPA	Random Forest	4
PARK7|DJ-1	0.00113987490596297	RPPA	Random Forest	4
TSC2|Tuberin_pT1462	0.0010941505752636196	RPPA	Random Forest	4
RPS6|S6_pS235_S236	0.0010917291093066458	RPPA	Random Forest	4
PDK1|PDK1_pS241	0.001054111178540932	RPPA	Random Forest	4
MYH9|Myosin-IIa-pS1943	0.0010517155500993974	RPPA	Random Forest	4
CDH3|P-Cadherin	9.989525261783192e-4	RPPA	Random Forest	4
MS4A1|CD20	9.684493511634877e-4	RPPA	Random Forest	4
TP53|p53	8.463181801988517e-4	RPPA	Random Forest	4
AKT1 AKT2 AKT3|Akt_pS473	8.308058015818897e-4	RPPA	Random Forest	4
RAB25|Rab25	8.263751406934088e-4	RPPA	Random Forest	4
PRKCD|PKC-delta_pS664	8.257817167940302e-4	RPPA	Random Forest	4
PGR|PR	8.186453894705982e-4	RPPA	Random Forest	4
CCNE2|Cyclin_E2	8.146313205161591e-4	RPPA	Random Forest	4
ESR1|ER-alpha	8.109430279599623e-4	RPPA	Random Forest	4
PDK1|PDK1	8.090277345500234e-4	RPPA	Random Forest	4
PRKAA1|AMPK_alpha	7.811584150372384e-4	RPPA	Random Forest	4
XRCC1|XRCC1	7.54288455832105e-4	RPPA	Random Forest	4
RPS6KA1|p90RSK	7.455408128720116e-4	RPPA	Random Forest	4
GATA3|GATA3	7.183244233426964e-4	RPPA	Random Forest	4
EEF2|eEF2	6.905600588424925e-4	RPPA	Random Forest	4
YWHAZ|14-3-3_zeta	6.713406750337374e-4	RPPA	Random Forest	4
GSK3A GSK3B|GSK3_pS9	6.596447092571161e-4	RPPA	Random Forest	4
CASP7|Caspase-7_cleavedD198	6.51326850042538e-4	RPPA	Random Forest	4
EIF4EBP1|4E-BP1_pT37T46	6.341107712393903e-4	RPPA	Random Forest	4
MAP2K1|MEK1_pS217_S221	6.225923639070083e-4	RPPA	Random Forest	4
PRKAA1|AMPK_pT172	6.089739556367901e-4	RPPA	Random Forest	4
CHEK2|Chk2	5.883182852396704e-4	RPPA	Random Forest	4
TIGAR|TIGAR	5.804019935076054e-4	RPPA	Random Forest	4
BAK1|Bak	5.753906319430721e-4	RPPA	Random Forest	4
STK11|LKB1	0.00056630707912319275	RPPA	Random Forest	4
MTOR|mTOR	5.546781215188479e-4	RPPA	Random Forest	4
SRC|Src_pY416	5.229536696884525e-4	RPPA	Random Forest	4
ERBB2|HER2_pY1248	5.127844202783988e-4	RPPA	Random Forest	4
SRSF1|SF2	5.088035180017323e-4	RPPA	Random Forest	4
SMAD4|Smad4	5.067937001214329e-4	RPPA	Random Forest	4
RAD51|Rad51	5.062591229413585e-4	RPPA	Random Forest	4
EIF4G1|eIF4G	4.911971359631222e-4	RPPA	Random Forest	4
CAV1|Caveolin-1	4.8537129486494915e-4	RPPA	Random Forest	4
AKT1S1|PRAS40_pT246	4.755510561624028e-4	RPPA	Random Forest	4
BRAF|B-Raf	4.6963950236360394e-4	RPPA	Random Forest	4
NFKB1|NF-kB-p65_pS536	4.07350962453084e-4	RPPA	Random Forest	4
SMAD1|Smad1	4.0710590055773374e-4	RPPA	Random Forest	4
TUBA1B|Acetyl-a-Tubulin-Lys40	3.919167043503051e-4	RPPA	Random Forest	4
MSH2|MSH2	3.905050450822405e-4	RPPA	Random Forest	4
BAD|Bad_pS112	3.9024762062752895e-4	RPPA	Random Forest	4
SYK|Syk	3.8480014852057586e-4	RPPA	Random Forest	4
YAP1|YAP	3.6051481090203284e-4	RPPA	Random Forest	4
CDH2|N-Cadherin	3.6047294990691504e-4	RPPA	Random Forest	4
TP53BP1|53BP1	3.5674485468413297e-4	RPPA	Random Forest	4
PEA15|PEA15_pS116	3.559626953568862e-4	RPPA	Random Forest	4
MYH11|MYH11	3.369832811212872e-4	RPPA	Random Forest	4
YAP1|YAP_pS127	3.336637585806572e-4	RPPA	Random Forest	4
RB1|Rb_pS807_S811	3.3359576994414144e-4	RPPA	Random Forest	4
FOXO3|FOXO3a_pS318_S321	3.2790805951113524e-4	RPPA	Random Forest	4
YBX1|YB-1	3.2444774032416634e-4	RPPA	Random Forest	4
DIABLO|Smac	3.190982237080764e-4	RPPA	Random Forest	4
SRC|Src_pY527	3.135196549063839e-4	RPPA	Random Forest	4
PRDX1|PRDX1	3.1176634250363786e-4	RPPA	Random Forest	4
CHEK1|Chk1	3.0766565018952894e-4	RPPA	Random Forest	4
ERBB3|HER3_pY1298	3.0685016141770614e-4	RPPA	Random Forest	4
YWHAE|14-3-3_epsilon	2.919246305815024e-4	RPPA	Random Forest	4
TFRC|TFRC	0.02680091852676862	RPPA	Random Forest	5
ERBB2|HER2	0.01915880193304328	RPPA	Random Forest	5
PIK3CA |PI3K-p110-alpha	0.014916664344593194	RPPA	Random Forest	5
NDRG1|NDRG1_pT346	0.009810718195874956	RPPA	Random Forest	5
NOTCH1|Notch1	0.009520624144348731	RPPA	Random Forest	5
AKT1 AKT2 AKT3|Akt_pT308	0.008058477929528492	RPPA	Random Forest	5
MAPK9|JNK2	0.007597575204773918	RPPA	Random Forest	5
GSK3A GSK3B|GSK3-alpha-beta	0.007134721651899242	RPPA	Random Forest	5
PRKCB|PKC-pan_BetaII_pS660	0.005898547128503544	RPPA	Random Forest	5
IGFBP2|IGFBP2	0.005464731812055106	RPPA	Random Forest	5
PRKCA |PKC-alpha_pS657	0.005409934929019169	RPPA	Random Forest	5
ERBB3|HER3	0.005387341076117282	RPPA	Random Forest	5
FOXM1|FoxM1	0.005322403219161446	RPPA	Random Forest	5
GAB2|GAB2	0.005090603313592382	RPPA	Random Forest	5
ERRFI1|MIG-6	0.005031303586520474	RPPA	Random Forest	5
KIT|c-Kit	0.004789095018775147	RPPA	Random Forest	5
SERPINE1|PAI-1	0.004771330096700836	RPPA	Random Forest	5
NF2|NF2	0.0033953013939723433	RPPA	Random Forest	5
RAB25|Rab25	0.0030058813576904595	RPPA	Random Forest	5
ANXA1|Annexin-1	0.0028460000922084674	RPPA	Random Forest	5
AKT1 AKT2 AKT3|Akt_pS473	0.002608236758619805	RPPA	Random Forest	5
INPP4B|INPP4B	0.0023508639493656966	RPPA	Random Forest	5
EIF4EBP1|4E-BP1	0.0021558325782986597	RPPA	Random Forest	5
NRG1|Heregulin	0.002086154516850919	RPPA	Random Forest	5
DVL3|Dvl3	0.0020447411462119766	RPPA	Random Forest	5
BCL2L1|Bcl-xL	0.0018756373976718337	RPPA	Random Forest	5
TSC2|Tuberin	0.0018091810982171644	RPPA	Random Forest	5
ITGA2|CD49b	0.001732669988174299	RPPA	Random Forest	5
CLDN7|Claudin-7	0.00172133793973217	RPPA	Random Forest	5
PRKAA1|AMPK_alpha	0.0016369098463938437	RPPA	Random Forest	5
CCNB1|Cyclin_B1	0.001617326689511479	RPPA	Random Forest	5
PCNA|PCNA	0.0016149099614520652	RPPA	Random Forest	5
STK11|LKB1	0.0014887309330731439	RPPA	Random Forest	5
PRKCA |PKC-alpha	0.0014823938401819629	RPPA	Random Forest	5
BAD|Bad_pS112	0.0014312217514033429	RPPA	Random Forest	5
YWHAZ|14-3-3_zeta	0.0014112456747838661	RPPA	Random Forest	5
GAPDH|GAPDH	0.0013797399140036163	RPPA	Random Forest	5
RPS6KA1|p90RSK	0.0013359146346803544	RPPA	Random Forest	5
CCNE2|Cyclin_E2	0.001274787425025901	RPPA	Random Forest	5
MYH9|Myosin-IIa-pS1943	0.0012574271029913192	RPPA	Random Forest	5
PIK3R1 PIK3R2|PI3K-p85	0.0012503785282406495	RPPA	Random Forest	5
CASP7|Caspase-7_cleavedD198	0.0012403785137608042	RPPA	Random Forest	5
MS4A1|CD20	0.0012184250973599172	RPPA	Random Forest	5
ASNS|ASNS	0.0012123868068033092	RPPA	Random Forest	5
BECN1|Beclin	0.0012050226398831196	RPPA	Random Forest	5
STAT3|STAT3_pY705	0.0011153998697164477	RPPA	Random Forest	5
MTOR|mTOR_pS2448	0.0011074650988454054	RPPA	Random Forest	5
TSC2|Tuberin_pT1462	0.0010852949968802265	RPPA	Random Forest	5
CHEK2|Chk2_pT68	0.0010700662082422725	RPPA	Random Forest	5
DIABLO|Smac	9.987197309037318e-4	RPPA	Random Forest	5
EGFR|EGFR	9.4429810022084e-4	RPPA	Random Forest	5
PREX1|PREX1	7.676151021981779e-4	RPPA	Random Forest	5
TUBA1B|Acetyl-a-Tubulin-Lys40	7.662774617189299e-4	RPPA	Random Forest	5
CDH3|P-Cadherin	7.537029775999351e-4	RPPA	Random Forest	5
TP53|p53	7.381610822162619e-4	RPPA	Random Forest	5
MSH2|MSH2	7.377645455872697e-4	RPPA	Random Forest	5
PARK7|DJ-1	7.263055765415631e-4	RPPA	Random Forest	5
MTOR|mTOR	7.190987909362554e-4	RPPA	Random Forest	5
YBX1|YB-1_pS102	7.031778395564057e-4	RPPA	Random Forest	5
PGR|PR	6.943605181434289e-4	RPPA	Random Forest	5
VHL|VHL	6.770016965109073e-4	RPPA	Random Forest	5
CDKN1B|p27_pT198	6.606620115777595e-4	RPPA	Random Forest	5
EEF2|eEF2	6.477760448326885e-4	RPPA	Random Forest	5
CAV1|Caveolin-1	6.46607763830924e-4	RPPA	Random Forest	5
GATA3|GATA3	6.4222030386645e-4	RPPA	Random Forest	5
EIF4EBP1|4E-BP1_pT70	6.25482674081113e-4	RPPA	Random Forest	5
EIF4G1|eIF4G	6.237822279220766e-4	RPPA	Random Forest	5
RPS6KA1|p90RSK_pT359_S363	6.098466453246561e-4	RPPA	Random Forest	5
EIF4EBP1|4E-BP1_pT37T46	6.066346931077125e-4	RPPA	Random Forest	5
PRKCD|PKC-delta_pS664	6.059866360116228e-4	RPPA	Random Forest	5
YWHAE|14-3-3_epsilon	5.755347583002984e-4	RPPA	Random Forest	5
SMAD1|Smad1	5.703586982621595e-4	RPPA	Random Forest	5
GSK3A GSK3B|GSK3_pS9	5.681763374421025e-4	RPPA	Random Forest	5
BCL2L11|Bim	5.562325882052774e-4	RPPA	Random Forest	5
TIGAR|TIGAR	5.415782859914218e-4	RPPA	Random Forest	5
PRKAA1|AMPK_pT172	5.367088210041213e-4	RPPA	Random Forest	5
CHEK2|Chk2	5.308111243334852e-4	RPPA	Random Forest	5
XBP1|XBP1	5.227456514914808e-4	RPPA	Random Forest	5
ERBB2|HER2_pY1248	5.086001500241124e-4	RPPA	Random Forest	5
RPS6|S6_pS235_S236	4.949365274658057e-4	RPPA	Random Forest	5
PEA15|PEA15_pS116	4.928956691903996e-4	RPPA	Random Forest	5
ESR1|ER-alpha	4.753287981141785e-4	RPPA	Random Forest	5
YAP1|YAP	4.6924585994920996e-4	RPPA	Random Forest	5
YAP1|YAP_pS127	4.6432099372414773e-4	RPPA	Random Forest	5
MAPK8|JNK_pT183_Y185	4.454193970781124e-4	RPPA	Random Forest	5
CHEK1|Chk1	4.3695608479207127e-4	RPPA	Random Forest	5
SMAD3|Smad3	4.343828154939564e-4	RPPA	Random Forest	5
XRCC1|XRCC1	4.2009326667336543e-4	RPPA	Random Forest	5
ACACA ACACB|ACC_pS79	3.9888144220414046e-4	RPPA	Random Forest	5
HSPA1A|HSP70	3.966622636881092e-4	RPPA	Random Forest	5
NFKB1|NF-kB-p65_pS536	3.959249737628527e-4	RPPA	Random Forest	5
BRAF|B-Raf	3.913595856268375e-4	RPPA	Random Forest	5
MAPK1 MAPK3|MAPK_pT202_Y204	3.645421659764152e-4	RPPA	Random Forest	5
AKT1S1|PRAS40_pT246	3.625920776419307e-4	RPPA	Random Forest	5
RAD51|Rad51	3.4846618411508377e-4	RPPA	Random Forest	5
MAP2K1|MEK1_pS217_S221	3.459300419417068e-4	RPPA	Random Forest	5
PDCD4|PDCD4	3.4512427813787204e-4	RPPA	Random Forest	5
PDK1|PDK1	3.3119702644764446e-4	RPPA	Random Forest	5
GSK3A GSK3B|GSK3-alpha-beta_pS21_S9	3.264924611281095e-4	RPPA	Random Forest	5
TSC1|TSC1	3.2355159888056373e-4	RPPA	Random Forest	5
